,conf_type,value,filename
0,FN,2.1039999999999885,2011_Hantayskoye_Ozero_Turskaya_Minna_Dmitriyevna_L-2-1
1,FP,34.0564,2011_Hantayskoye_Ozero_Turskaya_Minna_Dmitriyevna_L-2-1
2,TN,13.382000000000012,2011_Hantayskoye_Ozero_Turskaya_Minna_Dmitriyevna_L-2-1
3,TP,10.457999999999998,2011_Hantayskoye_Ozero_Turskaya_Minna_Dmitriyevna_L-2-1
4,FP,19.435000000000002,Brandy-0-3
5,TN,3.7940000000000005,Brandy-0-3
6,TP,6.7869999999999955,Brandy-0-3
7,FN,20.140999999999995,2010_Bely_Yar_Ivigin_Vladimir_LR1-0-0
8,FP,1.7029999999999959,2010_Bely_Yar_Ivigin_Vladimir_LR1-0-0
9,TN,12.365000000000004,2010_Bely_Yar_Ivigin_Vladimir_LR1-0-0
10,TP,23.197000000000006,2010_Bely_Yar_Ivigin_Vladimir_LR1-0-0
11,FP,40.598399999999856,2007_Chirinda_Eldogir_Valentina_LR1-1-8
12,TN,3.5420000000000114,2007_Chirinda_Eldogir_Valentina_LR1-1-8
13,TP,15.860000000000127,2007_Chirinda_Eldogir_Valentina_LR1-1-8
14,FN,0.09099999999999042,1998_Sovrechka_Saygotina_Vera_LR-1-0
15,FP,37.40239999999999,1998_Sovrechka_Saygotina_Vera_LR-1-0
16,TN,11.087000000000007,1998_Sovrechka_Saygotina_Vera_LR-1-0
17,TP,11.420000000000005,1998_Sovrechka_Saygotina_Vera_LR-1-0
18,FN,6.533000000000008,2008_Tutonchany_Khukochar_Danil_LR_WAV-2-0
19,FP,21.325700000000015,2008_Tutonchany_Khukochar_Danil_LR_WAV-2-0
20,TN,25.54499999999998,2008_Tutonchany_Khukochar_Danil_LR_WAV-2-0
21,TP,6.606999999999996,2008_Tutonchany_Khukochar_Danil_LR_WAV-2-0
22,FN,0.15699999999999292,2007_Chirinda_Eldogir_Valentina_FSk2-1-0
23,FP,38.083,2007_Chirinda_Eldogir_Valentina_FSk2-1-0
24,TN,13.773000000000007,2007_Chirinda_Eldogir_Valentina_FSk2-1-0
25,TP,6.8650000000000055,2007_Chirinda_Eldogir_Valentina_FSk2-1-0
26,FN,14.75399999999999,2011_Hantayskoye_Ozero_Turskaya_Minna_Dmitriyevna_FB2-2-0
27,FP,15.556400000000002,2011_Hantayskoye_Ozero_Turskaya_Minna_Dmitriyevna_FB2-2-0
28,TN,17.324000000000005,2011_Hantayskoye_Ozero_Turskaya_Minna_Dmitriyevna_FB2-2-0
29,TP,12.366000000000003,2011_Hantayskoye_Ozero_Turskaya_Minna_Dmitriyevna_FB2-2-0
30,FN,2.0559999999999796,2011_Potapovo_Bogdanova_Tamara_Andreevna_FM2-2-1
31,FP,21.128000000000007,2011_Potapovo_Bogdanova_Tamara_Andreevna_FM2-2-1
32,TN,24.478000000000012,2011_Potapovo_Bogdanova_Tamara_Andreevna_FM2-2-1
33,TP,12.176000000000002,2011_Potapovo_Bogdanova_Tamara_Andreevna_FM2-2-1
34,FN,1.8799999999999955,2011_Hantayskoye_Ozero_TurskayaMinnaDmitriyevna_FB1-1-0
35,FP,24.76939999999999,2011_Hantayskoye_Ozero_TurskayaMinnaDmitriyevna_FB1-1-0
36,TN,27.674000000000014,2011_Hantayskoye_Ozero_TurskayaMinnaDmitriyevna_FB1-1-0
37,TP,5.677,2011_Hantayskoye_Ozero_TurskayaMinnaDmitriyevna_FB1-1-0
38,FN,7.565000000000005,2008_Tura_Lapuko_FB_2-2-1
39,FP,24.000399999999992,2008_Tura_Lapuko_FB_2-2-1
40,TN,14.912999999999982,2008_Tura_Lapuko_FB_2-2-1
41,TP,13.52200000000002,2008_Tura_Lapuko_FB_2-2-1
42,FN,1.0500000000000007,Life-0-1
43,FP,7.410199999999997,Life-0-1
44,TN,20.436,Life-0-1
45,TP,1.1039999999999992,Life-0-1
46,FN,0.38299999999998846,2007_Strelka_Andreeva_LR1-2-1
47,FP,38.9854,2007_Strelka_Andreeva_LR1-2-1
48,TN,15.895000000000007,2007_Strelka_Andreeva_LR1-2-1
49,TP,4.737000000000009,2007_Strelka_Andreeva_LR1-2-1
50,FN,2.9989999999999988,2007_Chirinda_Eldogir_Valentina_FSk9-1-0
51,FP,29.096399999999996,2007_Chirinda_Eldogir_Valentina_FSk9-1-0
52,TN,12.986999999999991,2007_Chirinda_Eldogir_Valentina_FSk9-1-0
53,TP,14.91800000000001,2007_Chirinda_Eldogir_Valentina_FSk9-1-0
54,FN,5.412999999999794,2007_Strelka_Andreev_LR3-1-12
55,FP,21.087999999999997,2007_Strelka_Andreev_LR3-1-12
56,TN,19.6490000000002,2007_Strelka_Andreev_LR3-1-12
57,TP,13.62400000000001,2007_Strelka_Andreev_LR3-1-12
58,FN,1.5290000000000639,2007_Chirinda_Eldogir_Valentina_FSk10-1-5
59,FP,34.8574,2007_Chirinda_Eldogir_Valentina_FSk10-1-5
60,TN,10.356999999999928,2007_Chirinda_Eldogir_Valentina_FSk10-1-5
61,TP,13.257000000000005,2007_Chirinda_Eldogir_Valentina_FSk10-1-5
62,FN,0.7440000000000175,2011_Hantayskoye_Ozero_Chemprogir_Antonina_Dmitriyevna_LB-0-3
63,FP,36.50139999999999,2011_Hantayskoye_Ozero_Chemprogir_Antonina_Dmitriyevna_LB-0-3
64,TN,13.34999999999998,2011_Hantayskoye_Ozero_Chemprogir_Antonina_Dmitriyevna_LB-0-3
65,TP,9.405000000000008,2011_Hantayskoye_Ozero_Chemprogir_Antonina_Dmitriyevna_LB-0-3
66,FN,1.8569999999999975,Mother-1-3
67,FP,18.4279,Mother-1-3
68,TN,3.697000000000003,Mother-1-3
69,TP,4.299999999999999,Mother-1-3
70,FN,9.393999999999963,2008_Tutonchany_Uvachan_Inna_LAv2-1-8
71,FP,10.243100000000023,2008_Tutonchany_Uvachan_Inna_LAv2-1-8
72,TN,2.9280000000000324,2008_Tutonchany_Uvachan_Inna_LAv2-1-8
73,TP,30.538999999999984,2008_Tutonchany_Uvachan_Inna_LAv2-1-8
74,FN,0.13799999999999812,Larvae-1-1
75,FP,16.2802,Larvae-1-1
76,TN,4.339999999999999,Larvae-1-1
77,TP,9.242,Larvae-1-1
78,FN,9.45900000000018,2010_Bely_Yar_Ivigin_Vladimir_LR1-0-23
79,FP,2.524,2010_Bely_Yar_Ivigin_Vladimir_LR1-0-23
80,TN,2.555999999999927,2010_Bely_Yar_Ivigin_Vladimir_LR1-0-23
81,TP,24.216,2010_Bely_Yar_Ivigin_Vladimir_LR1-0-23
82,FN,2.06799999999998,2008_Tura_Lapuko_LR3-2-0
83,FP,19.227999999999994,2008_Tura_Lapuko_LR3-2-0
84,TN,31.202000000000012,2008_Tura_Lapuko_LR3-2-0
85,TP,7.05200000000001,2008_Tura_Lapuko_LR3-2-0
86,FN,1.0760000000000005,2007_Ekonda_Kombagir_Anton_LAv-1-1
87,FP,21.295000000000005,2007_Ekonda_Kombagir_Anton_LAv-1-1
88,TN,26.994,2007_Ekonda_Kombagir_Anton_LAv-1-1
89,TP,10.472999999999995,2007_Ekonda_Kombagir_Anton_LAv-1-1
90,FN,38.48560000000003,2008_Tutonchany_Uvachan_Inna_LAv3-1-6
91,FP,3.096,2008_Tutonchany_Uvachan_Inna_LAv3-1-6
92,TN,3.317999999999987,2008_Tutonchany_Uvachan_Inna_LAv3-1-6
93,TP,30.6744,2008_Tutonchany_Uvachan_Inna_LAv3-1-6
94,FN,2.088000000000001,2008_Tutonchany_Uvachan_Inna_LAv3-1-12
95,FP,34.178399999999996,2008_Tutonchany_Uvachan_Inna_LAv3-1-12
96,TN,10.082,2008_Tutonchany_Uvachan_Inna_LAv3-1-12
97,TP,13.652000000000001,2008_Tutonchany_Uvachan_Inna_LAv3-1-12
98,FN,8.32700000000007,2008_Tura_Lapuko_LR1_2-0-2
99,FP,21.17499999999999,2008_Tura_Lapuko_LR1_2-0-2
100,TN,22.266999999999946,2008_Tura_Lapuko_LR1_2-0-2
101,TP,7.812999999999995,2008_Tura_Lapuko_LR1_2-0-2
102,FN,3.146000000000008,2008_Kislokan_Udygir_Valentina_LAv_MPEG1_WAV-0-2
103,FP,14.681000000000004,2008_Kislokan_Udygir_Valentina_LAv_MPEG1_WAV-0-2
104,TN,31.847999999999992,2008_Kislokan_Udygir_Valentina_LAv_MPEG1_WAV-0-2
105,TP,4.498999999999995,2008_Kislokan_Udygir_Valentina_LAv_MPEG1_WAV-0-2
106,FN,2.3819999999999624,2011_Potapovo_Bogdanova_TamaraAndreevna_FM1-0-4
107,FP,28.4104,2011_Potapovo_Bogdanova_TamaraAndreevna_FM1-0-4
108,TN,19.452000000000027,2011_Potapovo_Bogdanova_TamaraAndreevna_FM1-0-4
109,TP,9.75600000000001,2011_Potapovo_Bogdanova_TamaraAndreevna_FM1-0-4
110,FN,3.4260000000000126,2007_Mutoray_Dmitriev_LO1-0-1
111,FP,30.45940000000001,2007_Mutoray_Dmitriev_LO1-0-1
112,TN,17.935999999999993,2007_Mutoray_Dmitriev_LO1-0-1
113,TP,8.178999999999984,2007_Mutoray_Dmitriev_LO1-0-1
114,FN,0.4680000000000035,2007_Mutoray_Yastrikova_FSk2-2-0
115,FP,33.7534,2007_Mutoray_Yastrikova_FSk2-2-0
116,TN,14.153999999999998,2007_Mutoray_Yastrikova_FSk2-2-0
117,TP,11.625,2007_Mutoray_Yastrikova_FSk2-2-0
118,FN,1.1279999999999575,2007_Chirinda_Eldogir_Valentina_LR1-1-14
119,FP,30.872400000000063,2007_Chirinda_Eldogir_Valentina_LR1-1-14
120,TN,16.27800000000002,2007_Chirinda_Eldogir_Valentina_LR1-1-14
121,TP,11.721999999999955,2007_Chirinda_Eldogir_Valentina_LR1-1-14
122,FN,1.4790000000000703,2007_Chirinda_Eldogir_Valentina_FSk8-2-9
123,FP,30.6664,2007_Chirinda_Eldogir_Valentina_FSk8-2-9
124,TN,15.846999999999916,2007_Chirinda_Eldogir_Valentina_FSk8-2-9
125,TP,12.008000000000013,2007_Chirinda_Eldogir_Valentina_FSk8-2-9
126,FN,5.032000000000025,2008_Kislokan_Udygir_Valentina_FM-2-0
127,FP,15.8504,2008_Kislokan_Udygir_Valentina_FM-2-0
128,TN,31.213999999999977,2008_Kislokan_Udygir_Valentina_FM-2-0
129,TP,7.903999999999996,2008_Kislokan_Udygir_Valentina_FM-2-0
130,FN,3.60799999999999,2007_Chirinda_Eldogir_Valentina_FM3-1-0
131,FP,27.3274,2007_Chirinda_Eldogir_Valentina_FM3-1-0
132,TN,17.462000000000007,2007_Chirinda_Eldogir_Valentina_FM3-1-0
133,TP,11.603000000000002,2007_Chirinda_Eldogir_Valentina_FM3-1-0
134,FN,2.02700000000004,2007_Strelka_Andreev_LR3-0-14
135,FP,23.26439999999999,2007_Strelka_Andreev_LR3-0-14
136,TN,23.646999999999952,2007_Strelka_Andreev_LR3-0-14
137,TP,11.062000000000015,2007_Strelka_Andreev_LR3-0-14
138,FN,3.1200000000000028,Parents-1-1
139,FP,9.639999999999999,Parents-1-1
140,TN,7.7940000000000005,Parents-1-1
141,TP,3.379999999999999,Parents-1-1
142,FN,11.98,2008_Tutonchany_Uvachan_Inna_LAv1-1-1
143,FP,13.025400000000001,2008_Tutonchany_Uvachan_Inna_LAv1-1-1
144,TN,12.849999999999998,2008_Tutonchany_Uvachan_Inna_LAv1-1-1
145,TP,22.145,2008_Tutonchany_Uvachan_Inna_LAv1-1-1
146,FN,2.152999999999998,Mother-0-1
147,FP,11.756200000000007,Mother-0-1
148,TN,1.8849999999999998,Mother-0-1
149,TP,14.205999999999996,Mother-0-1
150,FN,2.201999999999998,2008_Kislokan_Udygir_Valentina_LR1_MP4-2-2
151,FP,28.539099999999987,2008_Kislokan_Udygir_Valentina_LR1_MP4-2-2
152,TN,25.579999999999995,2008_Kislokan_Udygir_Valentina_LR1_MP4-2-2
153,TP,3.6880000000000166,2008_Kislokan_Udygir_Valentina_LR1_MP4-2-2
154,FN,13.543000000000006,2006_Ozero_Bolshoe_Sovetskoe_Saygotin_LO2-1-1
155,FP,14.091400000000005,2006_Ozero_Bolshoe_Sovetskoe_Saygotin_LO2-1-1
156,TN,20.366999999999983,2006_Ozero_Bolshoe_Sovetskoe_Saygotin_LO2-1-1
157,TP,11.999000000000006,2006_Ozero_Bolshoe_Sovetskoe_Saygotin_LO2-1-1
158,FN,4.8259999999999925,2005_Poligus_Khadonchina_LO-0-0
159,FP,19.362399999999994,2005_Poligus_Khadonchina_LO-0-0
160,TN,8.192,2005_Poligus_Khadonchina_LO-0-0
161,TP,27.62000000000001,2005_Poligus_Khadonchina_LO-0-0
162,FN,1.7390000000000008,2007_Chirinda_Eldogir_Valentina_FSk7-1-1
163,FP,28.240000000000006,2007_Chirinda_Eldogir_Valentina_FSk7-1-1
164,TN,15.966999999999988,2007_Chirinda_Eldogir_Valentina_FSk7-1-1
165,TP,13.124000000000006,2007_Chirinda_Eldogir_Valentina_FSk7-1-1
166,FN,2.178000000000022,2008_Tura_Eldygir_Liliya_LAv-2-3
167,FP,27.898400000000027,2008_Tura_Eldygir_Liliya_LAv-2-3
168,TN,19.55199999999996,2008_Tura_Eldygir_Liliya_LAv-2-3
169,TP,10.37199999999999,2008_Tura_Eldygir_Liliya_LAv-2-3
170,FN,14.056999999999928,2010_Bely_Yar_Ivigin_Vladimir_LR1-1-8
171,FP,17.3784,2010_Bely_Yar_Ivigin_Vladimir_LR1-1-8
172,TN,15.941000000000077,2010_Bely_Yar_Ivigin_Vladimir_LR1-1-8
173,TP,12.623999999999995,2010_Bely_Yar_Ivigin_Vladimir_LR1-1-8
174,FN,1.5539999999999985,2008_Tura_Eldygir_Liliya_LAv-1-0
175,FP,20.486000000000022,2008_Tura_Eldygir_Liliya_LAv-1-0
176,TN,25.483999999999973,2008_Tura_Eldygir_Liliya_LAv-1-0
177,TP,10.93800000000001,2008_Tura_Eldygir_Liliya_LAv-1-0
178,FN,2.655999999999974,2007_Chirinda_Eldogir_Valentina_FSk9-2-1
179,FP,28.17000000000001,2007_Chirinda_Eldogir_Valentina_FSk9-2-1
180,TN,16.202000000000016,2007_Chirinda_Eldogir_Valentina_FSk9-2-1
181,TP,12.873999999999999,2007_Chirinda_Eldogir_Valentina_FSk9-2-1
182,FN,6.251000000000033,2010_Bely_Yar_Ivigin_Vladimir_LR1-1-9
183,FP,12.790999999999976,2010_Bely_Yar_Ivigin_Vladimir_LR1-1-9
184,TN,19.874999999999968,2010_Bely_Yar_Ivigin_Vladimir_LR1-1-9
185,TP,16.665000000000024,2010_Bely_Yar_Ivigin_Vladimir_LR1-1-9
186,FN,1.260999999999946,2007_Strelka_Andreev_LR3-2-10
187,FP,31.04340000000002,2007_Strelka_Andreev_LR3-2-10
188,TN,21.569000000000074,2007_Strelka_Andreev_LR3-2-10
189,TP,6.126999999999963,2007_Strelka_Andreev_LR3-2-10
190,FN,1.0760000000000112,2007_Chirinda_Eldogir_Valentina_FSk7-0-1
191,FP,29.420699999999986,2007_Chirinda_Eldogir_Valentina_FSk7-0-1
192,TN,16.97,2007_Chirinda_Eldogir_Valentina_FSk7-0-1
193,TP,12.544000000000004,2007_Chirinda_Eldogir_Valentina_FSk7-0-1
194,FN,1.4440000000000097,2007_Chirinda_Eldogir_Valentina_FM8-0-1
195,FP,27.80799999999999,2007_Chirinda_Eldogir_Valentina_FM8-0-1
196,TN,18.325999999999997,2007_Chirinda_Eldogir_Valentina_FM8-0-1
197,TP,11.844000000000001,2007_Chirinda_Eldogir_Valentina_FM8-0-1
198,FN,4.597000000000058,2007_Strelka_Andreev_LR3-2-7
199,FP,12.485999999999972,2007_Strelka_Andreev_LR3-2-7
200,TN,32.77299999999995,2007_Strelka_Andreev_LR3-2-7
201,TP,9.854000000000017,2007_Strelka_Andreev_LR3-2-7
202,FN,2.1580000000000545,2007_Strelka_Andreev_LR3-0-13
203,FP,21.690400000000054,2007_Strelka_Andreev_LR3-0-13
204,TN,19.891999999999932,2007_Strelka_Andreev_LR3-0-13
205,TP,16.259999999999962,2007_Strelka_Andreev_LR3-0-13
206,FN,1.6589999999999918,2007_Chirinda_Eldogir_Valentina_FM10-1-5
207,FP,31.444000000000003,2007_Chirinda_Eldogir_Valentina_FM10-1-5
208,TN,12.511,2007_Chirinda_Eldogir_Valentina_FM10-1-5
209,TP,14.000000000000004,2007_Chirinda_Eldogir_Valentina_FM10-1-5
210,FN,1.2399999999999842,2007_Chirinda_Eldogir_Valentina_FSk7-1-3
211,FP,31.84699999999998,2007_Chirinda_Eldogir_Valentina_FSk7-1-3
212,TN,14.366000000000035,2007_Chirinda_Eldogir_Valentina_FSk7-1-3
213,TP,11.392999999999997,2007_Chirinda_Eldogir_Valentina_FSk7-1-3
214,FN,0.3559999999999981,Telyopka-1-1
215,FP,17.592200000000005,Telyopka-1-1
216,TN,4.098000000000001,Telyopka-1-1
217,TP,7.953999999999997,Telyopka-1-1
218,FN,1.8599999999999994,2007_Chirinda_Eldogir_Valentina_FM4-0-7
219,FP,30.98040000000003,2007_Chirinda_Eldogir_Valentina_FM4-0-7
220,TN,12.905999999999993,2007_Chirinda_Eldogir_Valentina_FM4-0-7
221,TP,14.253999999999976,2007_Chirinda_Eldogir_Valentina_FM4-0-7
222,FN,9.506000000000002,Parents-0-0
223,FP,3.405999999999999,Parents-0-0
224,TN,5.143999999999998,Parents-0-0
225,TP,11.959999999999999,Parents-0-0
226,FN,6.4549999999999885,2007_Chirinda_Eldogir_Valentina_FSk2-0-0
227,FP,16.075400000000002,2007_Chirinda_Eldogir_Valentina_FSk2-0-0
228,TN,7.730999999999995,2007_Chirinda_Eldogir_Valentina_FSk2-0-0
229,TP,29.73900000000001,2007_Chirinda_Eldogir_Valentina_FSk2-0-0
230,FN,0.0329999999999977,Walk-2-1
231,FP,20.654200000000003,Walk-2-1
232,TN,6.264999999999997,Walk-2-1
233,TP,3.048000000000002,Walk-2-1
234,FN,3.989999999999881,2007_Strelka_Andreev_LR3-1-10
235,FP,27.86739999999996,2007_Strelka_Andreev_LR3-1-10
236,TN,19.044000000000104,2007_Strelka_Andreev_LR3-1-10
237,TP,9.099000000000057,2007_Strelka_Andreev_LR3-1-10
238,FN,0.5890000000000093,2005_Poligus_Khadonchina_LR2-2-2
239,FP,38.479399999999984,2005_Poligus_Khadonchina_LR2-2-2
240,TN,8.812999999999992,2005_Poligus_Khadonchina_LR2-2-2
241,TP,12.119000000000018,2005_Poligus_Khadonchina_LR2-2-2
242,FN,2.5949999999999775,2008_Tutonchany_Uvachan_Inna_LAv2-2-6
243,FP,27.797399999999982,2008_Tutonchany_Uvachan_Inna_LAv2-2-6
244,TN,9.207000000000017,2008_Tutonchany_Uvachan_Inna_LAv2-2-6
245,TP,20.401000000000025,2008_Tutonchany_Uvachan_Inna_LAv2-2-6
246,FN,3.2600000000000087,2007_Chirinda_Eldogir_Valentina_FM7-1-1
247,FP,33.57840000000001,2007_Chirinda_Eldogir_Valentina_FM7-1-1
248,TN,9.133999999999983,2007_Chirinda_Eldogir_Valentina_FM7-1-1
249,TP,14.027999999999999,2007_Chirinda_Eldogir_Valentina_FM7-1-1
250,FN,2.738999999999983,2011_Potapovo_Bogdanova_TamaraAndreevna_FM1-0-5
251,FP,26.49600000000002,2011_Potapovo_Bogdanova_TamaraAndreevna_FM1-0-5
252,TN,16.97100000000002,2011_Potapovo_Bogdanova_TamaraAndreevna_FM1-0-5
253,TP,13.183999999999976,2011_Potapovo_Bogdanova_TamaraAndreevna_FM1-0-5
254,FN,2.283000000000019,2007_Chirinda_Eldogir_Valentina_FSk8-2-0
255,FP,24.892399999999984,2007_Chirinda_Eldogir_Valentina_FSk8-2-0
256,TN,17.69499999999999,2007_Chirinda_Eldogir_Valentina_FSk8-2-0
257,TP,15.130000000000006,2007_Chirinda_Eldogir_Valentina_FSk8-2-0
258,FN,1.6739999999999995,2008_Tutonchany_Khukochar_Maksim_LR-2-1
259,FP,12.794399999999996,2008_Tutonchany_Khukochar_Maksim_LR-2-1
260,TN,45.056000000000004,2008_Tutonchany_Khukochar_Maksim_LR-2-1
261,TP,0.4759999999999991,2008_Tutonchany_Khukochar_Maksim_LR-2-1
262,FN,1.7070000000000256,2005_Poligus_Khadonchina_LR1-2-3
263,FP,43.140400000000014,2005_Poligus_Khadonchina_LR1-2-3
264,TN,6.178999999999974,2005_Poligus_Khadonchina_LR1-2-3
265,TP,8.97399999999999,2005_Poligus_Khadonchina_LR1-2-3
266,FN,2.107999999999965,2007_Chirinda_Eldogir_Valentina_FSk8-1-9
267,FP,36.82639999999998,2007_Chirinda_Eldogir_Valentina_FSk8-1-9
268,TN,5.062000000000036,2007_Chirinda_Eldogir_Valentina_FSk8-1-9
269,TP,16.00400000000002,2007_Chirinda_Eldogir_Valentina_FSk8-1-9
270,FN,4.848000000000027,2007_Chirinda_Eldogir_Valentina_FSk9-2-3
271,FP,24.452399999999994,2007_Chirinda_Eldogir_Valentina_FSk9-2-3
272,TN,15.381999999999964,2007_Chirinda_Eldogir_Valentina_FSk9-2-3
273,TP,15.318000000000012,2007_Chirinda_Eldogir_Valentina_FSk9-2-3
274,FN,6.3319999999999865,2007_Ekonda_Kombagir_Anton_LAv-0-2
275,FP,17.14,2007_Ekonda_Kombagir_Anton_LAv-0-2
276,TN,21.910000000000018,2007_Ekonda_Kombagir_Anton_LAv-0-2
277,TP,13.687999999999999,2007_Ekonda_Kombagir_Anton_LAv-0-2
278,FN,5.618000000000013,2008_Kislokan_Udygir_Valentina_FM-1-1
279,FP,18.336000000000013,2008_Kislokan_Udygir_Valentina_FM-1-1
280,TN,26.75599999999998,2008_Kislokan_Udygir_Valentina_FM-1-1
281,TP,8.615999999999996,2008_Kislokan_Udygir_Valentina_FM-1-1
282,FN,0.30600000000003647,2007_Chirinda_Eldogir_Valentina_FSk7-0-6
283,FP,33.51369999999998,2007_Chirinda_Eldogir_Valentina_FSk7-0-6
284,TN,7.583999999999962,2007_Chirinda_Eldogir_Valentina_FSk7-0-6
285,TP,18.607000000000024,2007_Chirinda_Eldogir_Valentina_FSk7-0-6
286,FP,42.210400000000035,2007_Ekonda_Khutokogir_Grigoriy_LAv-2-2
287,TN,4.489999999999997,2007_Ekonda_Khutokogir_Grigoriy_LAv-2-2
288,TP,13.299999999999969,2007_Ekonda_Khutokogir_Grigoriy_LAv-2-2
289,FN,2.775000000000013,2007_Chirinda_Eldogir_Valentina_FSk10-1-3
290,FP,33.806400000000004,2007_Chirinda_Eldogir_Valentina_FSk10-1-3
291,TN,11.926999999999982,2007_Chirinda_Eldogir_Valentina_FSk10-1-3
292,TP,11.492,2007_Chirinda_Eldogir_Valentina_FSk10-1-3
293,FN,0.8339999999999961,2008_Tutonchany_Bondareva_LR1-2-1
294,FP,33.50140000000005,2008_Tutonchany_Bondareva_LR1-2-1
295,TN,12.023999999999987,2008_Tutonchany_Bondareva_LR1-2-1
296,TP,13.640999999999973,2008_Tutonchany_Bondareva_LR1-2-1
297,FN,3.7479999999999905,2007_Chirinda_Eldogir_Valentina_FM7-1-0
298,FP,25.179400000000008,2007_Chirinda_Eldogir_Valentina_FM7-1-0
299,TN,15.429999999999993,2007_Chirinda_Eldogir_Valentina_FM7-1-0
300,TP,15.643000000000008,2007_Chirinda_Eldogir_Valentina_FM7-1-0
301,FP,39.30799999999995,2007_Chirinda_Eldogir_Valentina_FSk6-2-5
302,TN,0.681999999999996,2007_Chirinda_Eldogir_Valentina_FSk6-2-5
303,TP,17.03200000000005,2007_Chirinda_Eldogir_Valentina_FSk6-2-5
304,FN,2.1979999999999507,2007_Strelka_Andreev_LR1-0-5
305,FP,22.900399999999934,2007_Strelka_Andreev_LR1-0-5
306,TN,24.84000000000004,2007_Strelka_Andreev_LR1-0-5
307,TP,10.062000000000076,2007_Strelka_Andreev_LR1-0-5
308,FP,8.240000000000002,Faces-1-0
309,TN,3.9539999999999997,Faces-1-0
310,TP,2.459999999999999,Faces-1-0
311,FN,9.028999999999996,2007_Strelka_Andreeva_LR3-1-8
312,FP,15.982999999999958,2007_Strelka_Andreeva_LR3-1-8
313,TN,6.457999999999957,2007_Strelka_Andreeva_LR3-1-8
314,TP,11.08500000000004,2007_Strelka_Andreeva_LR3-1-8
315,FN,7.347999999999992,2010_Bely_Yar_Ivigin_Vladimir_LR1-0-21
316,FP,22.930000000000007,2010_Bely_Yar_Ivigin_Vladimir_LR1-0-21
317,TN,13.253999999999998,2010_Bely_Yar_Ivigin_Vladimir_LR1-0-21
318,TP,14.258000000000003,2010_Bely_Yar_Ivigin_Vladimir_LR1-0-21
319,FN,0.4519999999999964,Larvae-2-0
320,FP,17.706199999999995,Larvae-2-0
321,TN,4.453999999999999,Larvae-2-0
322,TP,7.388000000000009,Larvae-2-0
323,FN,4.611000000000004,2010_Bely_Yar_Ivigin_Vladimir_LR1-1-7
324,FP,31.30839999999994,2010_Bely_Yar_Ivigin_Vladimir_LR1-1-7
325,TN,12.818999999999999,2010_Bely_Yar_Ivigin_Vladimir_LR1-1-7
326,TP,11.262000000000057,2010_Bely_Yar_Ivigin_Vladimir_LR1-1-7
327,FN,0.12499999999999645,2007_Chirinda_Eldogir_Valentina_FSk8-1-7
328,FP,34.64339999999996,2007_Chirinda_Eldogir_Valentina_FSk8-1-7
329,TN,11.729000000000003,2007_Chirinda_Eldogir_Valentina_FSk8-1-7
330,TP,13.50300000000004,2007_Chirinda_Eldogir_Valentina_FSk8-1-7
331,FN,4.778000000000004,Vacation-1-1
332,FP,10.595999999999988,Vacation-1-1
333,TN,5.5600000000000005,Vacation-1-1
334,TP,9.082000000000006,Vacation-1-1
335,FN,0.923000000000016,2008_Tutonchany_Uvachan_Inna_LAv1-1-4
336,FP,33.08740000000001,2008_Tutonchany_Uvachan_Inna_LAv1-1-4
337,TN,11.862999999999982,2008_Tutonchany_Uvachan_Inna_LAv1-1-4
338,TP,14.126999999999992,2008_Tutonchany_Uvachan_Inna_LAv1-1-4
339,FN,1.880000000000038,2007_Chirinda_Eldogir_Valentina_LR1-1-10
340,FP,22.648400000000116,2007_Chirinda_Eldogir_Valentina_LR1-1-10
341,TN,16.261999999999958,2007_Chirinda_Eldogir_Valentina_LR1-1-10
342,TP,19.20999999999989,2007_Chirinda_Eldogir_Valentina_LR1-1-10
343,FN,0.4619999999999891,2007_Chirinda_Eldogir_Valentina_LR2-2-5
344,FP,33.27639999999998,2007_Chirinda_Eldogir_Valentina_LR2-2-5
345,TN,13.844000000000019,2007_Chirinda_Eldogir_Valentina_LR2-2-5
346,TP,12.41800000000001,2007_Chirinda_Eldogir_Valentina_LR2-2-5
347,FN,2.7950000000000017,2008_Tutonchany_Lapushkina_LA2-2-1
348,FP,20.25699999999999,2008_Tutonchany_Lapushkina_LA2-2-1
349,TN,22.286999999999995,2008_Tutonchany_Lapushkina_LA2-2-1
350,TP,9.091000000000012,2008_Tutonchany_Lapushkina_LA2-2-1
351,FN,1.134000000000004,Kettle-2-0
352,FP,11.266,Kettle-2-0
353,TN,9.299999999999997,Kettle-2-0
354,TP,8.315999999999997,Kettle-2-0
355,FN,1.7069999999999865,2008_Tutonchany_Uvachan_Inna_LAv2-1-3
356,FP,34.6894,2008_Tutonchany_Uvachan_Inna_LAv2-1-3
357,TN,8.223000000000003,2008_Tutonchany_Uvachan_Inna_LAv2-1-3
358,TP,15.38100000000001,2008_Tutonchany_Uvachan_Inna_LAv2-1-3
359,FP,36.09040000000005,2007_Chirinda_Eldogir_Valentina_LR1-0-9
360,TN,9.849999999999998,2007_Chirinda_Eldogir_Valentina_LR1-0-9
361,TP,14.059999999999949,2007_Chirinda_Eldogir_Valentina_LR1-0-9
362,FN,14.872000000000003,2008_Tura_Lapuko_LR3-2-5
363,FP,23.1944,2008_Tura_Lapuko_LR3-2-5
364,TN,14.305999999999996,2008_Tura_Lapuko_LR3-2-5
365,TP,7.627999999999997,2008_Tura_Lapuko_LR3-2-5
366,FN,0.08600000000000563,2007_Chirinda_Eldogir_Valentina_FM4-2-0
367,FP,40.63799999999999,2007_Chirinda_Eldogir_Valentina_FM4-2-0
368,TN,4.035999999999994,2007_Chirinda_Eldogir_Valentina_FM4-2-0
369,TP,14.982000000000006,2007_Chirinda_Eldogir_Valentina_FM4-2-0
370,FN,2.177999999999976,2007_Chirinda_Eldogir_Valentina_LR1-0-16
371,FP,37.90839999999983,2007_Chirinda_Eldogir_Valentina_LR1-0-16
372,TN,5.3720000000000265,2007_Chirinda_Eldogir_Valentina_LR1-0-16
373,TP,14.542000000000165,2007_Chirinda_Eldogir_Valentina_LR1-0-16
374,FN,0.509999999999998,Eraqor-1-1
375,FP,12.718,Eraqor-1-1
376,TN,9.928,Eraqor-1-1
377,TP,6.859999999999999,Eraqor-1-1
378,FP,15.093599999999997,GUM-1-4
379,TN,3.2139999999999986,GUM-1-4
380,TP,5.400000000000004,GUM-1-4
381,FN,2.331999999999965,2007_Chirinda_Eldogir_Valentina_LR2-1-7
382,FP,25.07440000000009,2007_Chirinda_Eldogir_Valentina_LR2-1-7
383,TN,14.326000000000016,2007_Chirinda_Eldogir_Valentina_LR2-1-7
384,TP,18.26799999999993,2007_Chirinda_Eldogir_Valentina_LR2-1-7
385,FN,2.4439999999999884,2006_Ozero_Bolshoe_Sovetskoe_Saygotin_LR-0-3
386,FP,22.352699999999984,2006_Ozero_Bolshoe_Sovetskoe_Saygotin_LR-0-3
387,TN,27.77800000000002,2006_Ozero_Bolshoe_Sovetskoe_Saygotin_LR-0-3
388,TP,7.4360000000000035,2006_Ozero_Bolshoe_Sovetskoe_Saygotin_LR-0-3
389,FN,3.6790000000000305,2007_Chirinda_Eldogir_Valentina_FM4-0-1
390,FP,28.128399999999992,2007_Chirinda_Eldogir_Valentina_FM4-0-1
391,TN,12.87099999999998,2007_Chirinda_Eldogir_Valentina_FM4-0-1
392,TP,15.321999999999996,2007_Chirinda_Eldogir_Valentina_FM4-0-1
393,FN,0.9670000000000449,2007_Chirinda_Eldogir_Valentina_FSk10-2-4
394,FP,31.753400000000013,2007_Chirinda_Eldogir_Valentina_FSk10-2-4
395,TN,15.790999999999958,2007_Chirinda_Eldogir_Valentina_FSk10-2-4
396,TP,11.488999999999983,2007_Chirinda_Eldogir_Valentina_FSk10-2-4
397,FN,3.07599999999999,2007_Mutoray_Dmitriev_LO2-1-2
398,FP,17.71120000000001,2007_Mutoray_Dmitriev_LO2-1-2
399,TN,19.474,2007_Mutoray_Dmitriev_LO2-1-2
400,TP,16.024000000000004,2007_Mutoray_Dmitriev_LO2-1-2
401,FN,8.697000000000013,2008_Tutonchany_Pankagir_FSk-0-0
402,FP,13.879000000000005,2008_Tutonchany_Pankagir_FSk-0-0
403,TN,8.700999999999981,2008_Tutonchany_Pankagir_FSk-0-0
404,TP,28.465,2008_Tutonchany_Pankagir_FSk-0-0
405,FN,0.6189999999999962,2007_Chirinda_Eldogir_Valentina_FSk3-2-1
406,FP,38.63239999999999,2007_Chirinda_Eldogir_Valentina_FSk3-2-1
407,TN,10.979000000000006,2007_Chirinda_Eldogir_Valentina_FSk3-2-1
408,TP,9.770000000000007,2007_Chirinda_Eldogir_Valentina_FSk3-2-1
409,FN,0.7900000000000169,2008_Kislokan_Sidorov_Konstantin_LAvPart1-0-4
410,FP,41.45699999999995,2008_Kislokan_Sidorov_Konstantin_LAvPart1-0-4
411,TN,6.999999999999973,2008_Kislokan_Sidorov_Konstantin_LAvPart1-0-4
412,TP,10.079000000000061,2008_Kislokan_Sidorov_Konstantin_LAvPart1-0-4
413,FN,1.1500000000000163,2007_Strelka_Andreev_LR1-2-1
414,FP,20.86800000000001,2007_Strelka_Andreev_LR1-2-1
415,TN,25.53599999999998,2007_Strelka_Andreev_LR1-2-1
416,TP,11.163999999999998,2007_Strelka_Andreev_LR1-2-1
417,FN,6.780000000000033,2010_Bely_Yar_Ivigin_Vladimir_LR1-1-11
418,FP,27.044399999999996,2010_Bely_Yar_Ivigin_Vladimir_LR1-1-11
419,TN,16.961999999999968,2010_Bely_Yar_Ivigin_Vladimir_LR1-1-11
420,TP,9.214000000000002,2010_Bely_Yar_Ivigin_Vladimir_LR1-1-11
421,FN,2.3549999999999365,2008_Tura_Eldygir_Liliya_LAv-1-5
422,FP,11.543900000000033,2008_Tura_Eldygir_Liliya_LAv-1-5
423,TN,21.655000000000058,2008_Tura_Eldygir_Liliya_LAv-1-5
424,TP,8.563999999999972,2008_Tura_Eldygir_Liliya_LAv-1-5
425,FN,1.9570000000000007,2007_Chirinda_Eldogir_Valentina_FM2-1-0
426,FP,28.585400000000014,2007_Chirinda_Eldogir_Valentina_FM2-1-0
427,TN,17.62099999999999,2007_Chirinda_Eldogir_Valentina_FM2-1-0
428,TP,11.836999999999996,2007_Chirinda_Eldogir_Valentina_FM2-1-0
429,FN,3.4889999999999937,2008_Tutonchany_Uvachan_Inna_LAv1-2-0
430,FP,27.146000000000008,2008_Tutonchany_Uvachan_Inna_LAv1-2-0
431,TN,18.549000000000003,2008_Tutonchany_Uvachan_Inna_LAv1-2-0
432,TP,9.085999999999999,2008_Tutonchany_Uvachan_Inna_LAv1-2-0
433,FN,2.0190000000000126,2008_Kislokan_Sidorov_Konstantin_LAvPart1-2-0
434,FP,28.179400000000015,2008_Kislokan_Sidorov_Konstantin_LAvPart1-2-0
435,TN,16.110999999999986,2008_Kislokan_Sidorov_Konstantin_LAvPart1-2-0
436,TP,13.690999999999985,2008_Kislokan_Sidorov_Konstantin_LAvPart1-2-0
437,FN,10.776000000000003,2010_Bely_Yar_Ivigin_Vladimir_LR1-1-4
438,FP,21.30140000000004,2010_Bely_Yar_Ivigin_Vladimir_LR1-1-4
439,TN,15.485999999999986,2010_Bely_Yar_Ivigin_Vladimir_LR1-1-4
440,TP,12.43699999999997,2010_Bely_Yar_Ivigin_Vladimir_LR1-1-4
441,FN,0.015999999999998238,2008_Tura_Eldygir_Liliya_LAv-2-2
442,FP,31.031000000000017,2008_Tura_Eldygir_Liliya_LAv-2-2
443,TN,16.13800000000001,2008_Tura_Eldygir_Liliya_LAv-2-2
444,TP,11.53299999999998,2008_Tura_Eldygir_Liliya_LAv-2-2
445,FN,0.6060000000000549,2007_Chirinda_Eldogir_Valentina_FSk8-2-7
446,FP,32.18739999999994,2007_Chirinda_Eldogir_Valentina_FSk8-2-7
447,TN,12.21999999999996,2007_Chirinda_Eldogir_Valentina_FSk8-2-7
448,TP,14.987000000000048,2007_Chirinda_Eldogir_Valentina_FSk8-2-7
449,FN,1.2520000000000024,2007_Chirinda_Eldogir_Valentina_LR1-0-12
450,FP,33.427999999999884,2007_Chirinda_Eldogir_Valentina_LR1-0-12
451,TN,16.77800000000001,2007_Chirinda_Eldogir_Valentina_LR1-0-12
452,TP,7.388000000000105,2007_Chirinda_Eldogir_Valentina_LR1-0-12
453,FN,4.651999999999996,Guy-0-0
454,FP,8.976200000000002,Guy-0-0
455,TN,2.4139999999999993,Guy-0-0
456,TP,13.958000000000002,Guy-0-0
457,FN,2.691000000000013,2008_Tura_Lapuko_LR1_3-1-0
458,FP,26.738400000000002,2008_Tura_Lapuko_LR1_3-1-0
459,TN,24.03099999999999,2008_Tura_Lapuko_LR1_3-1-0
460,TP,6.539999999999992,2008_Tura_Lapuko_LR1_3-1-0
461,FN,1.0919999999999987,2008_Tutonchany_Bondareva_LR1-2-0
462,FP,39.04339999999999,2008_Tutonchany_Bondareva_LR1-2-0
463,TN,7.6540000000000035,2008_Tutonchany_Bondareva_LR1-2-0
464,TP,12.211000000000002,2008_Tutonchany_Bondareva_LR1-2-0
465,FN,6.372000000000003,2008_Tutonchany_Uvachan_Inna_LAv2-0-0
466,FP,13.327399999999987,2008_Tutonchany_Uvachan_Inna_LAv2-0-0
467,TN,3.058000000000007,2008_Tutonchany_Uvachan_Inna_LAv2-0-0
468,TP,37.243,2008_Tutonchany_Uvachan_Inna_LAv2-0-0
469,FN,1.2430000000000092,2007_Chirinda_Eldogir_Valentina_FM10-0-4
470,FP,23.838399999999996,2007_Chirinda_Eldogir_Valentina_FM10-0-4
471,TN,21.370999999999988,2007_Chirinda_Eldogir_Valentina_FM10-0-4
472,TP,13.548000000000005,2007_Chirinda_Eldogir_Valentina_FM10-0-4
473,FN,3.370999999999995,2011_Hantayskoye_Ozero_Chemprogir_Antonina_Dmitriyevna_LB-0-4
474,FP,14.116000000000025,2011_Hantayskoye_Ozero_Chemprogir_Antonina_Dmitriyevna_LB-0-4
475,TN,10.976999999999972,2011_Hantayskoye_Ozero_Chemprogir_Antonina_Dmitriyevna_LB-0-4
476,TP,11.839999999999975,2011_Hantayskoye_Ozero_Chemprogir_Antonina_Dmitriyevna_LB-0-4
477,FN,1.8869999999999982,Incident-0-0
478,FP,3.9349999999999987,Incident-0-0
479,TN,2.367000000000001,Incident-0-0
480,TP,20.833,Incident-0-0
481,FN,3.970000000000013,2006_Ozero_Podvalnoe_Buneeva_LR-0-2
482,FP,32.35870000000002,2006_Ozero_Podvalnoe_Buneeva_LR-0-2
483,TN,7.6119999999999886,2006_Ozero_Podvalnoe_Buneeva_LR-0-2
484,TP,16.069999999999975,2006_Ozero_Podvalnoe_Buneeva_LR-0-2
485,FN,0.5839999999999961,2008_Tutonchany_Uvachan_Inna_LAv3-0-12
486,FP,27.23399999999997,2008_Tutonchany_Uvachan_Inna_LAv3-0-12
487,TN,11.393999999999998,2008_Tutonchany_Uvachan_Inna_LAv3-0-12
488,TP,18.386000000000035,2008_Tutonchany_Uvachan_Inna_LAv3-0-12
489,FN,5.291000000000004,Tent-0-0
490,FP,4.474199999999996,Tent-0-0
491,TN,6.187000000000003,Tent-0-0
492,TP,14.047999999999995,Tent-0-0
493,FN,0.4420000000000055,Wyttal-2-1
494,FP,8.587999999999997,Wyttal-2-1
495,TN,5.242000000000001,Wyttal-2-1
496,TP,1.6280000000000001,Wyttal-2-1
497,FN,0.7560000000000073,2007_Strelka_Andreeva_LR6_1-0-6
498,FP,20.177000000000003,2007_Strelka_Andreeva_LR6_1-0-6
499,TN,7.085999999999996,2007_Strelka_Andreeva_LR6_1-0-6
500,TP,9.130999999999993,2007_Strelka_Andreeva_LR6_1-0-6
501,FN,0.5799999999999983,Telyopka-2-0
502,FP,17.182199999999998,Telyopka-2-0
503,TN,7.378000000000004,Telyopka-2-0
504,TP,4.859999999999999,Telyopka-2-0
505,FN,6.766999999999989,2008_Tutonchany_Uvachan_Inna_LAv1-0-0
506,FP,15.870399999999986,2008_Tutonchany_Uvachan_Inna_LAv1-0-0
507,TN,8.935000000000013,2008_Tutonchany_Uvachan_Inna_LAv1-0-0
508,TP,28.42800000000001,2008_Tutonchany_Uvachan_Inna_LAv1-0-0
509,FN,7.845000000000081,2008_Tura_Lapuko_LR3-0-6
510,FP,15.422399999999996,2008_Tura_Lapuko_LR3-0-6
511,TN,27.516999999999914,2008_Tura_Lapuko_LR3-0-6
512,TP,9.216000000000008,2008_Tura_Lapuko_LR3-0-6
513,FN,5.427000000000001,Transhumance-1-2
514,FP,6.385999999999985,Transhumance-1-2
515,TN,7.538999999999998,Transhumance-1-2
516,TP,10.664000000000014,Transhumance-1-2
517,FN,0.5600000000000023,2009_Sym_Boyarin_Georgiy_LR3-0-3
518,FP,6.312000000000001,2009_Sym_Boyarin_Georgiy_LR3-0-3
519,TN,19.72799999999999,2009_Sym_Boyarin_Georgiy_LR3-0-3
520,FN,1.6900000000000652,2007_Chirinda_Eldogir_Valentina_FSk9-2-7
521,FP,30.478999999999942,2007_Chirinda_Eldogir_Valentina_FSk9-2-7
522,TN,13.147999999999941,2007_Chirinda_Eldogir_Valentina_FSk9-2-7
523,TP,14.58500000000005,2007_Chirinda_Eldogir_Valentina_FSk9-2-7
524,FN,0.6700000000000124,2007_Strelka_Andreev_LR3-0-7
525,FP,17.51099999999996,2007_Strelka_Andreev_LR3-0-7
526,TN,37.52399999999999,2007_Strelka_Andreev_LR3-0-7
527,TP,3.3330000000000375,2007_Strelka_Andreev_LR3-0-7
528,FN,0.1560000000000059,2007_Chirinda_Eldogir_Valentina_LR1-0-3
529,FP,39.22940000000001,2007_Chirinda_Eldogir_Valentina_LR1-0-3
530,TN,6.961999999999993,2007_Chirinda_Eldogir_Valentina_LR1-0-3
531,TP,13.652999999999992,2007_Chirinda_Eldogir_Valentina_LR1-0-3
532,FN,0.1280000000000321,2005_Poligus_Khadonchina_LO-2-4
533,FP,42.86240000000011,2005_Poligus_Khadonchina_LO-2-4
534,TN,8.957999999999963,2005_Poligus_Khadonchina_LO-2-4
535,TP,8.0519999999999,2005_Poligus_Khadonchina_LO-2-4
536,FN,2.1369999999999294,2007_Chirinda_Eldogir_Valentina_FSk7-1-5
537,FP,33.14969999999999,2007_Chirinda_Eldogir_Valentina_FSk7-1-5
538,TN,8.625000000000073,2007_Chirinda_Eldogir_Valentina_FSk7-1-5
539,TP,16.099000000000007,2007_Chirinda_Eldogir_Valentina_FSk7-1-5
540,FN,0.5839999999999961,2007_Chirinda_Eldogir_Valentina_LR1-1-9
541,FP,36.398400000000024,2007_Chirinda_Eldogir_Valentina_LR1-1-9
542,TN,11.822,2007_Chirinda_Eldogir_Valentina_LR1-1-9
543,TP,11.19599999999998,2007_Chirinda_Eldogir_Valentina_LR1-1-9
544,FN,0.12199999999999989,Mushrooms-1-0
545,FP,11.918,Mushrooms-1-0
546,TN,9.216000000000001,Mushrooms-1-0
547,TP,6.038,Mushrooms-1-0
548,FN,2.680000000000015,Mother-0-3
549,FP,5.750200000000002,Mother-0-3
550,TN,2.7819999999999796,Mother-0-3
551,TP,18.788000000000004,Mother-0-3
552,FN,7.567999999999987,2008_Kislokan_Udygir_Valentina_LR1_MP4-1-1
553,FP,25.716299999999993,2008_Kislokan_Udygir_Valentina_LR1_MP4-1-1
554,TN,18.238000000000024,2008_Kislokan_Udygir_Valentina_LR1_MP4-1-1
555,TP,8.493999999999996,2008_Kislokan_Udygir_Valentina_LR1_MP4-1-1
556,FN,0.8499999999999766,2007_Chirinda_Eldogir_Valentina_FSk6-1-5
557,FP,35.6874,2007_Chirinda_Eldogir_Valentina_FSk6-1-5
558,TN,8.772000000000004,2007_Chirinda_Eldogir_Valentina_FSk6-1-5
559,TP,14.69100000000002,2007_Chirinda_Eldogir_Valentina_FSk6-1-5
560,FN,0.9220000000000077,2005_Poligus_Khadonchina_LR1-2-1
561,FP,35.1644,2005_Poligus_Khadonchina_LR1-2-1
562,TN,7.060000000000001,2005_Poligus_Khadonchina_LR1-2-1
563,TP,16.85399999999999,2005_Poligus_Khadonchina_LR1-2-1
564,FN,25.30300000000001,2008_Tura_Lapuko_LR1_3-0-0
565,FP,6.04000000000001,2008_Tura_Lapuko_LR1_3-0-0
566,TN,6.238999999999991,2008_Tura_Lapuko_LR1_3-0-0
567,TP,22.127999999999986,2008_Tura_Lapuko_LR1_3-0-0
568,FN,2.3940000000000055,Eraqor-0-1
569,FP,9.956,Eraqor-0-1
570,TN,10.799999999999992,Eraqor-0-1
571,TP,6.736000000000002,Eraqor-0-1
572,FN,6.57600000000016,2010_Bely_Yar_Ivigin_Vladimir_LR1-1-21
573,FP,23.068999999999864,2010_Bely_Yar_Ivigin_Vladimir_LR1-1-21
574,TN,19.69799999999985,2010_Bely_Yar_Ivigin_Vladimir_LR1-1-21
575,TP,9.951000000000125,2010_Bely_Yar_Ivigin_Vladimir_LR1-1-21
576,FN,1.1609999999999943,2011_Hantayskoye_Ozero_Chemprogir_Antonina_Dmitriyevna_LB-2-2
577,FP,28.6674,2011_Hantayskoye_Ozero_Chemprogir_Antonina_Dmitriyevna_LB-2-2
578,TN,16.62900000000002,2011_Hantayskoye_Ozero_Chemprogir_Antonina_Dmitriyevna_LB-2-2
579,TP,13.542999999999985,2011_Hantayskoye_Ozero_Chemprogir_Antonina_Dmitriyevna_LB-2-2
580,FN,1.7829999999999906,2007_Chirinda_Eldogir_Valentina_FSk2-1-3
581,FP,31.255399999999984,2007_Chirinda_Eldogir_Valentina_FSk2-1-3
582,TN,11.507000000000023,2007_Chirinda_Eldogir_Valentina_FSk2-1-3
583,TP,15.455000000000002,2007_Chirinda_Eldogir_Valentina_FSk2-1-3
584,FN,1.9600000000000115,2007_Chirinda_Eldogir_Valentina_FM9-2-0
585,FP,25.4114,2007_Chirinda_Eldogir_Valentina_FM9-2-0
586,TN,18.58999999999999,2007_Chirinda_Eldogir_Valentina_FM9-2-0
587,TP,14.038999999999998,2007_Chirinda_Eldogir_Valentina_FM9-2-0
588,FN,2.3379999999999654,2007_Strelka_Andreeva_LR3-2-6
589,FP,24.462400000000024,2007_Strelka_Andreeva_LR3-2-6
590,TN,19.344000000000037,2007_Strelka_Andreeva_LR3-2-6
591,TP,13.855999999999973,2007_Strelka_Andreeva_LR3-2-6
592,FN,4.330999999999985,2007_Strelka_Andreeva_LR1-2-0
593,FP,23.959999999999997,2007_Strelka_Andreeva_LR1-2-0
594,TN,16.02700000000001,2007_Strelka_Andreeva_LR1-2-0
595,TP,15.232000000000003,2007_Strelka_Andreeva_LR1-2-0
596,FN,1.202000000000016,2008_Tutonchany_Pankagir_FSk-2-2
597,FP,36.3004,2008_Tutonchany_Pankagir_FSk-2-2
598,TN,5.199999999999983,2008_Tutonchany_Pankagir_FSk-2-2
599,TP,17.297999999999995,2008_Tutonchany_Pankagir_FSk-2-2
600,FN,6.619999999999994,2011_Hantayskoye_Ozero_Turskaya_Minna_Dmitriyevna_LR1-0-0
601,FP,7.193999999999994,2011_Hantayskoye_Ozero_Turskaya_Minna_Dmitriyevna_LR1-0-0
602,TN,19.834000000000003,2011_Hantayskoye_Ozero_Turskaya_Minna_Dmitriyevna_LR1-0-0
603,TP,26.03000000000001,2011_Hantayskoye_Ozero_Turskaya_Minna_Dmitriyevna_LR1-0-0
604,FN,2.120000000000001,2008_Tutonchany_Khukochar_Maksim_LR-1-0
605,FP,17.08799999999999,2008_Tutonchany_Khukochar_Maksim_LR-1-0
606,TN,35.09,2008_Tutonchany_Khukochar_Maksim_LR-1-0
607,TP,4.580000000000009,2008_Tutonchany_Khukochar_Maksim_LR-1-0
608,FN,4.702000000000023,2011_Potapovo_Bogdanova_Tamara_Andreevna_FM2-2-3
609,FP,23.400000000000002,2011_Potapovo_Bogdanova_Tamara_Andreevna_FM2-2-3
610,TN,21.579999999999966,2011_Potapovo_Bogdanova_Tamara_Andreevna_FM2-2-3
611,TP,10.02800000000001,2011_Potapovo_Bogdanova_Tamara_Andreevna_FM2-2-3
612,FN,4.578999999999997,2007_Chirinda_Eldogir_Valentina_FSk10-1-0
613,FP,32.61239999999998,2007_Chirinda_Eldogir_Valentina_FSk10-1-0
614,TN,10.163000000000027,2007_Chirinda_Eldogir_Valentina_FSk10-1-0
615,TP,12.645999999999997,2007_Chirinda_Eldogir_Valentina_FSk10-1-0
616,FN,1.4560000000000066,2007_Strelka_Andreeva_LR6_1-1-1
617,FP,26.783000000000015,2007_Strelka_Andreeva_LR6_1-1-1
618,TN,15.873999999999993,2007_Strelka_Andreeva_LR6_1-1-1
619,TP,14.892999999999986,2007_Strelka_Andreeva_LR6_1-1-1
620,FN,2.2959999999999994,2010_Bely_Yar_Ivigin_Vladimir_LR1-1-3
621,FP,21.48140000000005,2010_Bely_Yar_Ivigin_Vladimir_LR1-1-3
622,TN,18.82999999999999,2010_Bely_Yar_Ivigin_Vladimir_LR1-1-3
623,TP,17.39299999999996,2010_Bely_Yar_Ivigin_Vladimir_LR1-1-3
624,FN,3.3880000000000052,2008_Kislokan_Udygir_Valentina_LR2-2-2
625,FP,18.61200000000001,2008_Kislokan_Udygir_Valentina_LR2-2-2
626,TN,25.458,2008_Kislokan_Udygir_Valentina_LR2-2-2
627,TP,9.211999999999986,2008_Kislokan_Udygir_Valentina_LR2-2-2
628,FN,2.998999999999981,2011_Potapovo_Bogdanova_Tamara_Andreevna_FM2-2-0
629,FP,26.096999999999998,2011_Potapovo_Bogdanova_Tamara_Andreevna_FM2-2-0
630,TN,16.319000000000003,2011_Potapovo_Bogdanova_Tamara_Andreevna_FM2-2-0
631,TP,12.823000000000018,2011_Potapovo_Bogdanova_Tamara_Andreevna_FM2-2-0
632,FN,9.033999999999999,2008_Tura_Lapuko_LR1_2-1-0
633,FP,16.194400000000005,2008_Tura_Lapuko_LR1_2-1-0
634,TN,27.251999999999995,2008_Tura_Lapuko_LR1_2-1-0
635,TP,7.52,2008_Tura_Lapuko_LR1_2-1-0
636,FN,17.636000000000003,2010_Bely_Yar_Ivigin_Vladimir_LR1-1-13
637,FP,16.41040000000002,2010_Bely_Yar_Ivigin_Vladimir_LR1-1-13
638,TN,10.282000000000002,2010_Bely_Yar_Ivigin_Vladimir_LR1-1-13
639,TP,15.671999999999972,2010_Bely_Yar_Ivigin_Vladimir_LR1-1-13
640,FN,2.3019999999999996,2010_Bely_Yar_Ivigin_Vladimir_LR2-1-1
641,FP,22.330400000000004,2010_Bely_Yar_Ivigin_Vladimir_LR2-1-1
642,TN,29.619999999999994,2010_Bely_Yar_Ivigin_Vladimir_LR2-1-1
643,TP,5.748000000000001,2010_Bely_Yar_Ivigin_Vladimir_LR2-1-1
644,FN,3.980000000000036,2007_Strelka_Andreev_LR3-1-4
645,FP,25.09100000000002,2007_Strelka_Andreev_LR3-1-4
646,TN,19.37799999999996,2007_Strelka_Andreev_LR3-1-4
647,TP,10.876999999999985,2007_Strelka_Andreev_LR3-1-4
648,FN,0.44099999999997763,2007_Chirinda_Eldogir_Valentina_FM7-1-2
649,FP,21.022000000000006,2007_Chirinda_Eldogir_Valentina_FM7-1-2
650,TN,7.957000000000017,2007_Chirinda_Eldogir_Valentina_FM7-1-2
651,TP,6.802,2007_Chirinda_Eldogir_Valentina_FM7-1-2
652,FN,0.8569999999999993,2008_Tutonchany_Uvachan_Inna_LAv2-2-7
653,FP,44.16939999999996,2008_Tutonchany_Uvachan_Inna_LAv2-2-7
654,TN,9.064999999999998,2008_Tutonchany_Uvachan_Inna_LAv2-2-7
655,TP,5.9090000000000416,2008_Tutonchany_Uvachan_Inna_LAv2-2-7
656,FN,2.4209999999999967,WC-0-0
657,FP,2.602000000000002,WC-0-0
658,TN,2.1530000000000005,WC-0-0
659,TP,12.790000000000003,WC-0-0
660,FP,18.406,Vacation-0-1
661,TN,0.8100000000000004,Vacation-0-1
662,TP,10.799999999999997,Vacation-0-1
663,FN,3.840000000000007,2007_Chirinda_Khutokogir_Dmitriy_LF_L-1-0
664,FP,24.8544,2007_Chirinda_Khutokogir_Dmitriy_LF_L-1-0
665,TN,23.362,2007_Chirinda_Khutokogir_Dmitriy_LF_L-1-0
666,TP,7.9439999999999955,2007_Chirinda_Khutokogir_Dmitriy_LF_L-1-0
667,FN,8.017999999999997,2008_Kislokan_Udygir_Valentina_LR2-1-0
668,FP,13.631999999999998,2008_Kislokan_Udygir_Valentina_LR2-1-0
669,TN,26.548000000000002,2008_Kislokan_Udygir_Valentina_LR2-1-0
670,TP,10.392000000000007,2008_Kislokan_Udygir_Valentina_LR2-1-0
671,FN,3.9829999999999828,2007_Chirinda_Eldogir_Valentina_FM1-2-2
672,FP,29.827400000000008,2007_Chirinda_Eldogir_Valentina_FM1-2-2
673,TN,13.363000000000017,2007_Chirinda_Eldogir_Valentina_FM1-2-2
674,TP,12.826999999999991,2007_Chirinda_Eldogir_Valentina_FM1-2-2
675,FN,0.8659999999999819,2007_Chirinda_Eldogir_Valentina_FSk8-0-8
676,FP,36.98800000000009,2007_Chirinda_Eldogir_Valentina_FSk8-0-8
677,TN,5.824000000000023,2007_Chirinda_Eldogir_Valentina_FSk8-0-8
678,TP,16.0639999999999,2007_Chirinda_Eldogir_Valentina_FSk8-0-8
679,FN,5.626000000000001,2005_Poligus_Khadonchina_LR2-0-1
680,FP,28.66100000000001,2005_Poligus_Khadonchina_LR2-0-1
681,TN,11.976000000000012,2005_Poligus_Khadonchina_LR2-0-1
682,TP,13.222999999999978,2005_Poligus_Khadonchina_LR2-0-1
683,FN,0.8399999999999963,2007_Chirinda_Eldogir_Valentina_FSk5-0-3
684,FP,32.3794,2007_Chirinda_Eldogir_Valentina_FSk5-0-3
685,TN,13.485999999999997,2007_Chirinda_Eldogir_Valentina_FSk5-0-3
686,TP,13.295000000000005,2007_Chirinda_Eldogir_Valentina_FSk5-0-3
687,FN,3.4759999999999636,2007_Strelka_Andreev_LR1-2-3
688,FP,24.540999999999986,2007_Strelka_Andreev_LR1-2-3
689,TN,22.50200000000005,2007_Strelka_Andreev_LR1-2-3
690,TP,9.063000000000002,2007_Strelka_Andreev_LR1-2-3
691,FP,19.622,Transhumance-1-3
692,TN,5.905999999999999,Transhumance-1-3
693,TP,2.182000000000004,Transhumance-1-3
694,FN,0.21900000000010422,2007_Chirinda_Eldogir_Valentina_FSk8-0-7
695,FP,34.66500000000003,2007_Chirinda_Eldogir_Valentina_FSk8-0-7
696,TN,10.098999999999887,2007_Chirinda_Eldogir_Valentina_FSk8-0-7
697,TP,12.29499999999998,2007_Chirinda_Eldogir_Valentina_FSk8-0-7
698,FN,10.398000000000007,2008_Tutonchany_Uvachan_Inna_LAv3-2-1
699,FP,14.543999999999992,2008_Tutonchany_Uvachan_Inna_LAv3-2-1
700,TN,3.5519999999999974,2008_Tutonchany_Uvachan_Inna_LAv3-2-1
701,TP,31.312,2008_Tutonchany_Uvachan_Inna_LAv3-2-1
702,FN,2.0499999999999794,2007_Mutoray_Yastrikova_FSk5-0-2
703,FP,23.833100000000005,2007_Mutoray_Yastrikova_FSk5-0-2
704,TN,15.592000000000027,2007_Mutoray_Yastrikova_FSk5-0-2
705,TP,14.484999999999985,2007_Mutoray_Yastrikova_FSk5-0-2
706,FN,1.345999999999897,2008_Kislokan_Sidorov_Konstantin_LAvPart1-0-7
707,FP,32.510999999999996,2008_Kislokan_Sidorov_Konstantin_LAvPart1-0-7
708,TN,12.792000000000108,2008_Kislokan_Sidorov_Konstantin_LAvPart1-0-7
709,TP,11.429000000000006,2008_Kislokan_Sidorov_Konstantin_LAvPart1-0-7
710,FN,0.38000000000000966,Knives-2-0
711,FP,14.183999999999997,Knives-2-0
712,TN,9.441999999999997,Knives-2-0
713,TP,3.3199999999999967,Knives-2-0
714,FN,2.4038000000000075,Telyopka-0-2
715,FP,10.379999999999999,Telyopka-0-2
716,TN,4.9699999999999935,Telyopka-0-2
717,TP,12.6062,Telyopka-0-2
718,FN,1.6629999999999683,2007_Chirinda_Eldogir_Valentina_FSk10-0-6
719,FP,28.257999999999967,2007_Chirinda_Eldogir_Valentina_FSk10-0-6
720,TN,14.931000000000022,2007_Chirinda_Eldogir_Valentina_FSk10-0-6
721,TP,13.930000000000039,2007_Chirinda_Eldogir_Valentina_FSk10-0-6
722,FN,0.10799999999999699,2007_Chirinda_Eldogir_Valentina_LR2-1-5
723,FP,37.561400000000035,2007_Chirinda_Eldogir_Valentina_LR2-1-5
724,TN,10.117999999999997,2007_Chirinda_Eldogir_Valentina_LR2-1-5
725,TP,12.212999999999969,2007_Chirinda_Eldogir_Valentina_LR2-1-5
726,FN,1.4439999999999884,1998_Sovrechka_Saygotina_Vera_LR-2-0
727,FP,44.119399999999985,1998_Sovrechka_Saygotina_Vera_LR-2-0
728,TN,5.818000000000018,1998_Sovrechka_Saygotina_Vera_LR-2-0
729,TP,8.619000000000007,1998_Sovrechka_Saygotina_Vera_LR-2-0
730,FN,4.0710000000000015,2007_Chirinda_Eldogir_Valentina_FM4-0-5
731,FP,29.794399999999996,2007_Chirinda_Eldogir_Valentina_FM4-0-5
732,TN,12.090999999999998,2007_Chirinda_Eldogir_Valentina_FM4-0-5
733,TP,14.044000000000004,2007_Chirinda_Eldogir_Valentina_FM4-0-5
734,FN,3.6610000000000404,2007_Strelka_Andreeva_LR3-1-3
735,FP,28.12139999999999,2007_Strelka_Andreeva_LR3-1-3
736,TN,12.292999999999964,2007_Strelka_Andreeva_LR3-1-3
737,TP,15.925000000000004,2007_Strelka_Andreeva_LR3-1-3
738,FN,10.300999999999988,2010_Bely_Yar_Ivigin_Vladimir_LR1-0-6
739,FP,17.902000000000005,2010_Bely_Yar_Ivigin_Vladimir_LR1-0-6
740,TN,15.70500000000002,2010_Bely_Yar_Ivigin_Vladimir_LR1-0-6
741,TP,13.91399999999999,2010_Bely_Yar_Ivigin_Vladimir_LR1-0-6
742,FN,0.7650000000000077,Kettle-2-3
743,FP,16.383999999999993,Kettle-2-3
744,TN,11.272999999999994,Kettle-2-3
745,TP,1.368000000000002,Kettle-2-3
746,FN,0.5699999999999896,2011_Hantayskoye_Ozero_Chemprogir_Antonina_Dmitriyevna_LB-1-3
747,FP,28.357000000000014,2011_Hantayskoye_Ozero_Chemprogir_Antonina_Dmitriyevna_LB-1-3
748,TN,15.479999999999999,2011_Hantayskoye_Ozero_Chemprogir_Antonina_Dmitriyevna_LB-1-3
749,TP,15.014999999999993,2011_Hantayskoye_Ozero_Chemprogir_Antonina_Dmitriyevna_LB-1-3
750,FN,4.003000000000032,2005_Poligus_Khadonchina_LR1-0-5
751,FP,24.72800000000006,2005_Poligus_Khadonchina_LR1-0-5
752,TN,16.53899999999997,2005_Poligus_Khadonchina_LR1-0-5
753,TP,10.279999999999937,2005_Poligus_Khadonchina_LR1-0-5
754,FN,0.8239999999999998,Knives-0-2
755,FP,13.623000000000003,Knives-0-2
756,TN,9.962000000000002,Knives-0-2
757,TP,4.2929999999999975,Knives-0-2
758,FN,0.025999999999978485,1998_Sovrechka_Saygotina_Vera_LR-0-5
759,FP,35.72630000000001,1998_Sovrechka_Saygotina_Vera_LR-0-5
760,TN,10.620000000000017,1998_Sovrechka_Saygotina_Vera_LR-0-5
761,TP,12.559999999999995,1998_Sovrechka_Saygotina_Vera_LR-0-5
762,FN,3.200000000000024,2008_Kislokan_Udygir_Valentina_LR2-0-3
763,FP,21.07239999999999,2008_Kislokan_Udygir_Valentina_LR2-0-3
764,TN,31.677999999999976,2008_Kislokan_Udygir_Valentina_LR2-0-3
765,TP,4.050000000000008,2008_Kislokan_Udygir_Valentina_LR2-0-3
766,FN,0.0020000000000095497,2007_Chirinda_Eldogir_Valentina_LR1-2-6
767,FP,38.172399999999975,2007_Chirinda_Eldogir_Valentina_LR1-2-6
768,TN,9.547999999999993,2007_Chirinda_Eldogir_Valentina_LR1-2-6
769,TP,12.278000000000024,2007_Chirinda_Eldogir_Valentina_LR1-2-6
770,FN,5.9140000000000335,2008_Tura_Lapuko_LR3-2-10
771,FP,11.655999999999993,2008_Tura_Lapuko_LR3-2-10
772,TN,32.56799999999997,2008_Tura_Lapuko_LR3-2-10
773,TP,5.795999999999999,2008_Tura_Lapuko_LR3-2-10
774,FN,4.987999999999989,2010_Bely_Yar_Ivigin_Vladimir_LR1-2-3
775,FP,26.421999999999997,2010_Bely_Yar_Ivigin_Vladimir_LR1-2-3
776,TN,13.157999999999987,2010_Bely_Yar_Ivigin_Vladimir_LR1-2-3
777,TP,11.878000000000025,2010_Bely_Yar_Ivigin_Vladimir_LR1-2-3
778,FN,3.6779999999999795,2009_Sym_Boyarin_Georgiy_LR3-1-2
779,FP,18.76399999999998,2009_Sym_Boyarin_Georgiy_LR3-1-2
780,TN,22.744000000000014,2009_Sym_Boyarin_Georgiy_LR3-1-2
781,TP,11.132000000000023,2009_Sym_Boyarin_Georgiy_LR3-1-2
782,FN,2.0580000000000247,2007_Chirinda_Eldogir_Valentina_FM4-2-2
783,FP,27.27040000000001,2007_Chirinda_Eldogir_Valentina_FM4-2-2
784,TN,15.939999999999966,2007_Chirinda_Eldogir_Valentina_FM4-2-2
785,TP,14.732,2007_Chirinda_Eldogir_Valentina_FM4-2-2
786,FN,1.625,2007_Strelka_Andreeva_LR1-0-2
787,FP,29.36639999999999,2007_Strelka_Andreeva_LR1-0-2
788,TN,21.23700000000001,2007_Strelka_Andreeva_LR1-0-2
789,TP,7.7719999999999985,2007_Strelka_Andreeva_LR1-0-2
790,FN,0.17199999999999704,2007_Ekonda_Khutokogir_Grigoriy_LAv-0-5
791,FP,36.546399999999856,2007_Ekonda_Khutokogir_Grigoriy_LAv-0-5
792,TN,4.5779999999999905,2007_Ekonda_Khutokogir_Grigoriy_LAv-0-5
793,TP,18.704000000000157,2007_Ekonda_Khutokogir_Grigoriy_LAv-0-5
794,FN,8.771999999999993,2005_Poligus_Khadonchina_LR1-0-0
795,FP,14.907399999999999,2005_Poligus_Khadonchina_LR1-0-0
796,TN,8.245999999999999,2005_Poligus_Khadonchina_LR1-0-0
797,TP,28.07500000000001,2005_Poligus_Khadonchina_LR1-0-0
798,FN,1.4090000000000167,2007_Chirinda_Eldogir_Valentina_FSk9-1-1
799,FP,29.598000000000006,2007_Chirinda_Eldogir_Valentina_FSk9-1-1
800,TN,16.27299999999999,2007_Chirinda_Eldogir_Valentina_FSk9-1-1
801,TP,12.52599999999999,2007_Chirinda_Eldogir_Valentina_FSk9-1-1
802,FN,3.280999999999993,2007_Chirinda_Eldogir_Valentina_FM4-0-0
803,FP,15.965400000000006,2007_Chirinda_Eldogir_Valentina_FM4-0-0
804,TN,10.356999999999989,2007_Chirinda_Eldogir_Valentina_FM4-0-0
805,TP,30.397000000000013,2007_Chirinda_Eldogir_Valentina_FM4-0-0
806,FN,2.825999999999908,2007_Strelka_Andreev_LR3-0-10
807,FP,19.70440000000002,2007_Strelka_Andreev_LR3-0-10
808,TN,19.364000000000082,2007_Strelka_Andreev_LR3-0-10
809,TP,18.10599999999999,2007_Strelka_Andreev_LR3-0-10
810,FN,7.534999999999984,2008_Tura_Eldygir_Liliya_LR1-0-0
811,FP,10.902,2008_Tura_Eldygir_Liliya_LR1-0-0
812,TN,15.719000000000008,2008_Tura_Eldygir_Liliya_LR1-0-0
813,TP,24.466000000000008,2008_Tura_Eldygir_Liliya_LR1-0-0
814,FN,0.980000000000004,2007_Chirinda_Eldogir_Valentina_LR2-1-1
815,FP,31.796000000000035,2007_Chirinda_Eldogir_Valentina_LR2-1-1
816,TN,16.745999999999984,2007_Chirinda_Eldogir_Valentina_LR2-1-1
817,TP,9.771999999999974,2007_Chirinda_Eldogir_Valentina_LR2-1-1
818,FN,1.3090000000000046,2007_Chirinda_Eldogir_Valentina_FM2-2-0
819,FP,31.934399999999997,2007_Chirinda_Eldogir_Valentina_FM2-2-0
820,TN,13.737000000000005,2007_Chirinda_Eldogir_Valentina_FM2-2-0
821,TP,13.019999999999992,2007_Chirinda_Eldogir_Valentina_FM2-2-0
822,FN,9.888000000000009,2010_Bely_Yar_Ivigin_Vladimir_LR2-0-3
823,FP,22.470400000000005,2010_Bely_Yar_Ivigin_Vladimir_LR2-0-3
824,TN,16.569999999999986,2010_Bely_Yar_Ivigin_Vladimir_LR2-0-3
825,TP,11.072,2010_Bely_Yar_Ivigin_Vladimir_LR2-0-3
826,FN,0.6739999999999995,Knives-1-0
827,FP,11.995999999999999,Knives-1-0
828,TN,11.8,Knives-1-0
829,TP,5.545999999999999,Knives-1-0
830,FN,8.252000000000013,2008_Kislokan_Udygir_Valentina_LR2-0-2
831,FP,16.490399999999998,2008_Kislokan_Udygir_Valentina_LR2-0-2
832,TN,26.38999999999999,2008_Kislokan_Udygir_Valentina_LR2-0-2
833,TP,8.867999999999999,2008_Kislokan_Udygir_Valentina_LR2-0-2
834,FN,1.119999999999969,2007_Chirinda_Eldogir_Valentina_LR2-1-8
835,FP,31.92839999999997,2007_Chirinda_Eldogir_Valentina_LR2-1-8
836,TN,8.422000000000054,2007_Chirinda_Eldogir_Valentina_LR2-1-8
837,TP,18.530000000000005,2007_Chirinda_Eldogir_Valentina_LR2-1-8
838,FN,4.012000000000015,2007_Chirinda_Eldogir_Valentina_FM9-2-2
839,FP,24.863399999999984,2007_Chirinda_Eldogir_Valentina_FM9-2-2
840,TN,15.145999999999981,2007_Chirinda_Eldogir_Valentina_FM9-2-2
841,TP,15.979000000000017,2007_Chirinda_Eldogir_Valentina_FM9-2-2
842,FN,2.495999999999988,2008_Tutonchany_Uvachan_Inna_LAv3-0-3
843,FP,30.370399999999968,2008_Tutonchany_Uvachan_Inna_LAv3-0-3
844,TN,5.990000000000017,2008_Tutonchany_Uvachan_Inna_LAv3-0-3
845,TP,21.144000000000023,2008_Tutonchany_Uvachan_Inna_LAv3-0-3
846,FN,4.0770000000000195,2011_Hantayskoye_Ozero_Turskaya_Minna_Dmitriyevna_FB2-0-2
847,FP,29.110999999999954,2011_Hantayskoye_Ozero_Turskaya_Minna_Dmitriyevna_FB2-0-2
848,TN,18.293,2011_Hantayskoye_Ozero_Turskaya_Minna_Dmitriyevna_FB2-0-2
849,TP,8.13300000000002,2011_Hantayskoye_Ozero_Turskaya_Minna_Dmitriyevna_FB2-0-2
850,FN,4.8700000000000045,2007_Chirinda_Eldogir_Valentina_FM10-2-2
851,FP,26.272400000000015,2007_Chirinda_Eldogir_Valentina_FM10-2-2
852,TN,12.668000000000003,2007_Chirinda_Eldogir_Valentina_FM10-2-2
853,TP,16.189999999999976,2007_Chirinda_Eldogir_Valentina_FM10-2-2
854,FN,1.3519999999999897,2007_Mutoray_Yastrikova_FSk5-1-1
855,FP,30.526,2007_Mutoray_Yastrikova_FSk5-1-1
856,TN,15.065999999999999,2007_Mutoray_Yastrikova_FSk5-1-1
857,TP,12.926000000000009,2007_Mutoray_Yastrikova_FSk5-1-1
858,FN,4.000000000000011,2006_Ozero_Podvalnoe_Buneeva_LR-1-1
859,FP,30.778699999999994,2006_Ozero_Podvalnoe_Buneeva_LR-1-1
860,TN,14.342000000000006,2006_Ozero_Podvalnoe_Buneeva_LR-1-1
861,TP,10.88999999999999,2006_Ozero_Podvalnoe_Buneeva_LR-1-1
862,FN,6.172000000000004,2007_Strelka_Andreeva_LR4-1-0
863,FP,27.546000000000006,2007_Strelka_Andreeva_LR4-1-0
864,TN,8.053999999999995,2007_Strelka_Andreeva_LR4-1-0
865,TP,17.681999999999995,2007_Strelka_Andreeva_LR4-1-0
866,FN,2.3000000000000007,Wyttal-1-1
867,FP,7.527999999999999,Wyttal-1-1
868,TN,8.138,Wyttal-1-1
869,TP,7.6,Wyttal-1-1
870,FN,4.230999999999952,2007_Strelka_Andreev_LR3-0-11
871,FP,24.412000000000003,2007_Strelka_Andreev_LR3-0-11
872,TN,20.591000000000044,2007_Strelka_Andreev_LR3-0-11
873,TP,9.803999999999998,2007_Strelka_Andreev_LR3-0-11
874,FN,1.8010000000000161,2008_Tutonchany_Uvachan_Inna_LAv2-2-4
875,FP,39.49940000000001,2008_Tutonchany_Uvachan_Inna_LAv2-2-4
876,TN,3.200999999999978,2008_Tutonchany_Uvachan_Inna_LAv2-2-4
877,TP,15.498999999999995,2008_Tutonchany_Uvachan_Inna_LAv2-2-4
878,FN,3.3760000000000012,2008_Tutonchany_Uvachan_Inna_LAv1-1-5
879,FP,27.37539999999998,2008_Tutonchany_Uvachan_Inna_LAv1-1-5
880,TN,12.649999999999991,2008_Tutonchany_Uvachan_Inna_LAv1-1-5
881,TP,16.599000000000025,2008_Tutonchany_Uvachan_Inna_LAv1-1-5
882,FN,0.7759999999999998,Incident-2-0
883,FP,7.033199999999996,Incident-2-0
884,TN,5.234000000000001,Incident-2-0
885,TP,4.929000000000004,Incident-2-0
886,FN,2.9749999999999943,2007_Chirinda_Eldogir_Valentina_FSk6-2-3
887,FP,28.601999999999997,2007_Chirinda_Eldogir_Valentina_FSk6-2-3
888,TN,15.838999999999999,2007_Chirinda_Eldogir_Valentina_FSk6-2-3
889,TP,12.486000000000011,2007_Chirinda_Eldogir_Valentina_FSk6-2-3
890,FN,2.066000000000006,2005_Poligus_Khadonchina_LO-2-3
891,FP,33.9444,2005_Poligus_Khadonchina_LO-2-3
892,TN,10.435999999999986,2005_Poligus_Khadonchina_LO-2-3
893,TP,13.554000000000002,2005_Poligus_Khadonchina_LO-2-3
894,FN,0.5800000000000018,1998_Sovrechka_Saygotina_Vera_LR-0-1
895,FP,24.5174,1998_Sovrechka_Saygotina_Vera_LR-0-1
896,TN,5.650000000000002,1998_Sovrechka_Saygotina_Vera_LR-0-1
897,TP,29.252999999999997,1998_Sovrechka_Saygotina_Vera_LR-0-1
898,FN,2.0820000000000007,2007_Mutoray_Dmitriev_LO1-1-0
899,FP,25.798399999999987,2007_Mutoray_Dmitriev_LO1-1-0
900,TN,26.312000000000015,2007_Mutoray_Dmitriev_LO1-1-0
901,TP,5.807999999999996,2007_Mutoray_Dmitriev_LO1-1-0
902,FN,9.600999999999988,2007_Chirinda_Khukochar_LRFragm-2-0
903,FP,11.25,2007_Chirinda_Khukochar_LRFragm-2-0
904,TN,29.63300000000001,2007_Chirinda_Khukochar_LRFragm-2-0
905,TP,6.634000000000004,2007_Chirinda_Khukochar_LRFragm-2-0
906,FN,4.940999999999981,2007_Strelka_Andreeva_LR1-2-2
907,FP,22.86940000000002,2007_Strelka_Andreeva_LR1-2-2
908,TN,16.185000000000016,2007_Strelka_Andreeva_LR1-2-2
909,TP,16.00499999999998,2007_Strelka_Andreeva_LR1-2-2
910,FN,1.0779999999999994,2007_Chirinda_Eldogir_Valentina_LR1-0-2
911,FP,33.57840000000001,2007_Chirinda_Eldogir_Valentina_LR1-0-2
912,TN,12.711999999999994,2007_Chirinda_Eldogir_Valentina_LR1-0-2
913,TP,12.631999999999998,2007_Chirinda_Eldogir_Valentina_LR1-0-2
914,FN,2.9080000000000616,2007_Strelka_Andreeva_LR3-2-3
915,FP,35.033400000000015,2007_Strelka_Andreeva_LR3-2-3
916,TN,11.069999999999911,2007_Strelka_Andreeva_LR3-2-3
917,TP,10.989000000000011,2007_Strelka_Andreeva_LR3-2-3
918,FN,0.06000000000000405,Larvae-0-2
919,FP,22.879999999999995,Larvae-0-2
920,TN,3.4139999999999953,Larvae-0-2
921,TP,0.4600000000000044,Larvae-0-2
922,FN,20.726999999999997,2007_Chirinda_Eldogir_Valentina_FM9-0-0
923,FP,6.159999999999997,2007_Chirinda_Eldogir_Valentina_FM9-0-0
924,TN,11.51100000000001,2007_Chirinda_Eldogir_Valentina_FM9-0-0
925,TP,19.04,2007_Chirinda_Eldogir_Valentina_FM9-0-0
926,FN,11.885999999999997,2009_Sym_Boyarin_Georgiy_LR3-0-0
927,FP,11.48600000000001,2009_Sym_Boyarin_Georgiy_LR3-0-0
928,TN,15.579999999999988,2009_Sym_Boyarin_Georgiy_LR3-0-0
929,TP,20.854000000000003,2009_Sym_Boyarin_Georgiy_LR3-0-0
930,FN,4.350000000000001,2011_Potapovo_Bogdanova_Tamara_Andreevna_FM2-1-3
931,FP,21.275999999999993,2011_Potapovo_Bogdanova_Tamara_Andreevna_FM2-1-3
932,TN,20.868000000000013,2011_Potapovo_Bogdanova_Tamara_Andreevna_FM2-1-3
933,TP,11.071999999999996,2011_Potapovo_Bogdanova_Tamara_Andreevna_FM2-1-3
934,FN,1.4220000000000077,2007_Chirinda_Eldogir_Valentina_FSk8-2-5
935,FP,29.301000000000005,2007_Chirinda_Eldogir_Valentina_FSk8-2-5
936,TN,16.179999999999982,2007_Chirinda_Eldogir_Valentina_FSk8-2-5
937,TP,12.359000000000005,2007_Chirinda_Eldogir_Valentina_FSk8-2-5
938,FN,0.5540000000000009,Worms-0-0
939,FP,0.04499999999999993,Worms-0-0
940,TN,0.5119999999999998,Worms-0-0
941,TP,10.411,Worms-0-0
942,FN,3.7609999999999886,2008_Tutonchany_Pankagir_FSk-1-3
943,FP,30.479400000000005,2008_Tutonchany_Pankagir_FSk-1-3
944,TN,11.265,2008_Tutonchany_Pankagir_FSk-1-3
945,TP,14.495000000000005,2008_Tutonchany_Pankagir_FSk-1-3
946,FN,7.006000000000018,2008_Kislokan_Udygir_Valentina_LR2-2-0
947,FP,18.404400000000006,2008_Kislokan_Udygir_Valentina_LR2-2-0
948,TN,28.95599999999998,2008_Kislokan_Udygir_Valentina_LR2-2-0
949,TP,5.633999999999993,2008_Kislokan_Udygir_Valentina_LR2-2-0
950,FN,10.573000000000004,2007_Ekonda_Udygir_Viktor_FSham-0-0
951,FP,13.763400000000026,2007_Ekonda_Udygir_Viktor_FSham-0-0
952,TN,8.996999999999979,2007_Ekonda_Udygir_Viktor_FSham-0-0
953,TP,26.66699999999999,2007_Ekonda_Udygir_Viktor_FSham-0-0
954,FN,1.9589999999999996,2007_Strelka_Andreeva_LR3-1-5
955,FP,29.60839999999999,2007_Strelka_Andreeva_LR3-1-5
956,TN,10.286999999999992,2007_Strelka_Andreeva_LR3-1-5
957,TP,18.146000000000015,2007_Strelka_Andreeva_LR3-1-5
958,FN,2.647000000000027,2011_Potapovo_Bogdanova_TamaraAndreevna_FM1-0-3
959,FP,20.312,2011_Potapovo_Bogdanova_TamaraAndreevna_FM1-0-3
960,TN,27.782999999999976,2011_Potapovo_Bogdanova_TamaraAndreevna_FM1-0-3
961,TP,8.647999999999996,2011_Potapovo_Bogdanova_TamaraAndreevna_FM1-0-3
962,FN,0.6079999999999863,2007_Strelka_Andreeva_LR6_1-2-2
963,FP,39.262400000000014,2007_Strelka_Andreeva_LR6_1-2-2
964,TN,1.5020000000000122,2007_Strelka_Andreeva_LR6_1-2-2
965,TP,18.627999999999986,2007_Strelka_Andreeva_LR6_1-2-2
966,FN,9.918,2008_Tutonchany_Uvachan_Inna_LAv3-0-9
967,FP,31.436400000000052,2008_Tutonchany_Uvachan_Inna_LAv3-0-9
968,TN,7.503999999999997,2008_Tutonchany_Uvachan_Inna_LAv3-0-9
969,TP,11.14199999999995,2008_Tutonchany_Uvachan_Inna_LAv3-0-9
970,FN,0.45200000000000173,GUM-0-3
971,FP,21.32220000000001,GUM-0-3
972,TN,1.777999999999998,GUM-0-3
973,TP,6.44799999999999,GUM-0-3
974,FN,0.7079999999999913,Knives-2-1
975,FP,16.586000000000002,Knives-2-1
976,TN,6.329999999999999,Knives-2-1
977,TP,6.392000000000005,Knives-2-1
978,FN,2.8610000000000255,2007_Chirinda_Eldogir_Valentina_FM9-0-4
979,FP,31.086399999999998,2007_Chirinda_Eldogir_Valentina_FM9-0-4
980,TN,13.152999999999976,2007_Chirinda_Eldogir_Valentina_FM9-0-4
981,TP,12.900000000000002,2007_Chirinda_Eldogir_Valentina_FM9-0-4
982,FN,2.042000000000005,2007_Chirinda_Eldogir_Valentina_FSk10-2-1
983,FP,28.638399999999997,2007_Chirinda_Eldogir_Valentina_FSk10-2-1
984,TN,17.243999999999996,2007_Chirinda_Eldogir_Valentina_FSk10-2-1
985,TP,12.076,2007_Chirinda_Eldogir_Valentina_FSk10-2-1
986,FN,17.51800000000001,2008_Tura_Lapuko_LR1_2-0-0
987,FP,5.924000000000007,2008_Tura_Lapuko_LR1_2-0-0
988,TN,20.496,2008_Tura_Lapuko_LR1_2-0-0
989,TP,15.067999999999987,2008_Tura_Lapuko_LR1_2-0-0
990,FN,0.5560000000000045,2008_Tutonchany_Khukochar_Maksim_LR-2-3
991,FP,19.675999999999988,2008_Tutonchany_Khukochar_Maksim_LR-2-3
992,TN,35.09800000000001,2008_Tutonchany_Khukochar_Maksim_LR-2-3
993,TP,0.4439999999999955,2008_Tutonchany_Khukochar_Maksim_LR-2-3
994,FN,5.2200000000000015,2008_Tutonchany_Khukochar_Maksim_LR-0-0
995,FP,9.833399999999994,2008_Tutonchany_Khukochar_Maksim_LR-0-0
996,TN,32.302,2008_Tutonchany_Khukochar_Maksim_LR-0-0
997,TP,12.645000000000001,2008_Tutonchany_Khukochar_Maksim_LR-0-0
998,FN,1.1069999999999744,2007_Chirinda_Eldogir_Valentina_FSk9-0-2
999,FP,27.51140000000001,2007_Chirinda_Eldogir_Valentina_FSk9-0-2
1000,TN,16.915000000000013,2007_Chirinda_Eldogir_Valentina_FSk9-0-2
1001,TP,14.467000000000002,2007_Chirinda_Eldogir_Valentina_FSk9-0-2
1002,FN,0.6059999999999626,2007_Chirinda_Eldogir_Valentina_LR1-2-9
1003,FP,37.328399999999945,2007_Chirinda_Eldogir_Valentina_LR1-2-9
1004,TN,9.172000000000054,2007_Chirinda_Eldogir_Valentina_LR1-2-9
1005,TP,12.894000000000037,2007_Chirinda_Eldogir_Valentina_LR1-2-9
1006,FN,2.3980000000000103,2007_Chirinda_Eldogir_Valentina_FM2-0-1
1007,FP,33.48839999999999,2007_Chirinda_Eldogir_Valentina_FM2-0-1
1008,TN,10.671999999999997,2007_Chirinda_Eldogir_Valentina_FM2-0-1
1009,TP,13.442,2007_Chirinda_Eldogir_Valentina_FM2-0-1
1010,FN,0.9390000000000001,Shaman-2-1
1011,FP,15.536000000000003,Shaman-2-1
1012,TN,7.898999999999996,Shaman-2-1
1013,TP,5.6419999999999995,Shaman-2-1
1014,FN,0.3740000000000112,Transhumance-0-6
1015,FP,16.56799999999999,Transhumance-0-6
1016,TN,7.775999999999986,Transhumance-0-6
1017,TP,5.2980000000000125,Transhumance-0-6
1018,FN,10.665999999999979,2008_Tutonchany_Khukochar_Danil_LR_WAV-2-1
1019,FP,7.646000000000032,2008_Tutonchany_Khukochar_Danil_LR_WAV-2-1
1020,TN,21.248000000000005,2008_Tutonchany_Khukochar_Danil_LR_WAV-2-1
1021,TP,9.717999999999982,2008_Tutonchany_Khukochar_Danil_LR_WAV-2-1
1022,FN,3.7449999999999974,2006_Ozero_Bolshoe_Sovetskoe_Saygotin_LO3-1-1
1023,FP,14.161999999999999,2006_Ozero_Bolshoe_Sovetskoe_Saygotin_LO3-1-1
1024,TN,33.520999999999994,2006_Ozero_Bolshoe_Sovetskoe_Saygotin_LO3-1-1
1025,TP,8.02600000000001,2006_Ozero_Bolshoe_Sovetskoe_Saygotin_LO3-1-1
1026,FN,2.823000000000011,2005_Poligus_Khadonchina_LR2-2-1
1027,FP,34.003399999999985,2005_Poligus_Khadonchina_LR2-2-1
1028,TN,5.650999999999993,2005_Poligus_Khadonchina_LR2-2-1
1029,TP,17.523000000000007,2005_Poligus_Khadonchina_LR2-2-1
1030,FN,2.7300000000000644,2007_Chirinda_Eldogir_Valentina_FM10-1-4
1031,FP,27.257400000000022,2007_Chirinda_Eldogir_Valentina_FM10-1-4
1032,TN,18.011999999999937,2007_Chirinda_Eldogir_Valentina_FM10-1-4
1033,TP,12.000999999999976,2007_Chirinda_Eldogir_Valentina_FM10-1-4
1034,FN,7.376000000000001,2010_Bely_Yar_Ivigin_Vladimir_LR1-2-6
1035,FP,22.90100000000001,2010_Bely_Yar_Ivigin_Vladimir_LR1-2-6
1036,TN,20.78999999999999,2010_Bely_Yar_Ivigin_Vladimir_LR1-2-6
1037,TP,8.131,2010_Bely_Yar_Ivigin_Vladimir_LR1-2-6
1038,FN,3.2599999999999802,2007_Ekonda_Udygir_Viktor_FSham-1-4
1039,FP,25.344,2007_Ekonda_Udygir_Viktor_FSham-1-4
1040,TN,13.878000000000018,2007_Ekonda_Udygir_Viktor_FSham-1-4
1041,TP,11.724000000000004,2007_Ekonda_Udygir_Viktor_FSham-1-4
1042,FN,0.9979999999999905,2006_Ozero_Bolshoe_Sovetskoe_Saygotin_LO2-2-1
1043,FP,24.28439999999998,2006_Ozero_Bolshoe_Sovetskoe_Saygotin_LO2-2-1
1044,TN,30.608000000000015,2006_Ozero_Bolshoe_Sovetskoe_Saygotin_LO2-2-1
1045,TP,4.110000000000014,2006_Ozero_Bolshoe_Sovetskoe_Saygotin_LO2-2-1
1046,FN,2.013999999999978,2007_Chirinda_Eldogir_Valentina_LR2-2-8
1047,FP,36.79440000000001,2007_Chirinda_Eldogir_Valentina_LR2-2-8
1048,TN,8.896000000000026,2007_Chirinda_Eldogir_Valentina_LR2-2-8
1049,TP,12.295999999999982,2007_Chirinda_Eldogir_Valentina_LR2-2-8
1050,FN,4.064000000000032,2008_Kislokan_Udygir_Valentina_LR1_MP4-0-4
1051,FP,28.870000000000047,2008_Kislokan_Udygir_Valentina_LR1_MP4-0-4
1052,TN,18.04999999999996,2008_Kislokan_Udygir_Valentina_LR1_MP4-0-4
1053,TP,8.565999999999956,2008_Kislokan_Udygir_Valentina_LR1_MP4-0-4
1054,FN,12.980999999999998,Life-0-0
1055,FP,3.5000000000000018,Life-0-0
1056,TN,6.6930000000000005,Life-0-0
1057,TP,3.0319999999999987,Life-0-0
1058,FN,4.285999999999997,Mother-0-2
1059,FP,7.060199999999986,Mother-0-2
1060,TN,2.1120000000000045,Mother-0-2
1061,TP,16.542000000000012,Mother-0-2
1062,FN,0.1379999999999928,Larvae-2-1
1063,FP,19.564199999999996,Larvae-2-1
1064,TN,1.356000000000003,Larvae-2-1
1065,TP,8.942000000000007,Larvae-2-1
1066,FN,2.076000000000022,2007_Chirinda_Eldogir_Valentina_LR2-1-4
1067,FP,26.610399999999984,2007_Chirinda_Eldogir_Valentina_LR2-1-4
1068,TN,17.669999999999984,2007_Chirinda_Eldogir_Valentina_LR2-1-4
1069,TP,13.644000000000009,2007_Chirinda_Eldogir_Valentina_LR2-1-4
1070,FN,5.4710000000000285,2007_Ekonda_Udygir_Viktor_FSham-2-2
1071,FP,25.274399999999996,2007_Ekonda_Udygir_Viktor_FSham-2-2
1072,TN,20.22699999999999,2007_Ekonda_Udygir_Viktor_FSham-2-2
1073,TP,9.027999999999984,2007_Ekonda_Udygir_Viktor_FSham-2-2
1074,FN,0.392000000000003,2007_Chirinda_Eldogir_Valentina_FM7-0-1
1075,FP,39.205999999999975,2007_Chirinda_Eldogir_Valentina_FM7-0-1
1076,TN,3.7300000000000013,2007_Chirinda_Eldogir_Valentina_FM7-0-1
1077,TP,16.54200000000002,2007_Chirinda_Eldogir_Valentina_FM7-0-1
1078,FN,2.6000000000000014,2008_Tutonchany_Khukochar_Danil_LRFSk_2-1-2
1079,FP,28.28400000000001,2008_Tutonchany_Khukochar_Danil_LRFSk_2-1-2
1080,TN,24.681999999999988,2008_Tutonchany_Khukochar_Danil_LRFSk_2-1-2
1081,TP,4.3039999999999985,2008_Tutonchany_Khukochar_Danil_LRFSk_2-1-2
1082,FN,1.6459999999999972,2007_Strelka_Andreev_LR1-1-0
1083,FP,26.455399999999997,2007_Strelka_Andreev_LR1-1-0
1084,TN,22.232000000000006,2007_Strelka_Andreev_LR1-1-0
1085,TP,9.667000000000002,2007_Strelka_Andreev_LR1-1-0
1086,FN,3.394000000000023,2008_Kislokan_Udygir_Valentina_FM-0-2
1087,FP,12.555999999999994,2008_Kislokan_Udygir_Valentina_FM-0-2
1088,TN,13.774999999999991,2008_Kislokan_Udygir_Valentina_FM-0-2
1089,TP,10.516000000000005,2008_Kislokan_Udygir_Valentina_FM-0-2
1090,FN,0.3409999999999975,2008_Tutonchany_Uvachan_Inna_LAv2-0-3
1091,FP,32.93740000000002,2008_Tutonchany_Uvachan_Inna_LAv2-0-3
1092,TN,9.540999999999999,2008_Tutonchany_Uvachan_Inna_LAv2-0-3
1093,TP,17.180999999999987,2008_Tutonchany_Uvachan_Inna_LAv2-0-3
1094,FN,3.6979999999999933,2006_Ozero_Podvalnoe_Buneeva_LR-0-1
1095,FP,32.22669999999999,2006_Ozero_Podvalnoe_Buneeva_LR-0-1
1096,TN,18.50400000000001,2006_Ozero_Podvalnoe_Buneeva_LR-0-1
1097,TP,5.582000000000015,2006_Ozero_Podvalnoe_Buneeva_LR-0-1
1098,FN,0.048000000000037346,2007_Chirinda_Eldogir_Valentina_LR1-2-17
1099,FP,20.67600000000022,2007_Chirinda_Eldogir_Valentina_LR1-2-17
1100,TN,10.209999999999965,2007_Chirinda_Eldogir_Valentina_LR1-2-17
1101,TP,15.431999999999778,2007_Chirinda_Eldogir_Valentina_LR1-2-17
1102,FN,8.603000000000094,2007_Strelka_Andreev_LR3-2-4
1103,FP,16.012000000000008,2007_Strelka_Andreev_LR3-2-4
1104,TN,23.458999999999914,2007_Strelka_Andreev_LR3-2-4
1105,TP,10.003999999999987,2007_Strelka_Andreev_LR3-2-4
1106,FN,1.9570000000000398,2007_Chirinda_Eldogir_Valentina_FSk9-0-6
1107,FP,31.471999999999994,2007_Chirinda_Eldogir_Valentina_FSk9-0-6
1108,TN,12.524999999999961,2007_Chirinda_Eldogir_Valentina_FSk9-0-6
1109,TP,13.948000000000008,2007_Chirinda_Eldogir_Valentina_FSk9-0-6
1110,FN,0.6120000000000019,2007_Ekonda_Khutokogir_Grigoriy_LAv-1-1
1111,FP,42.90840000000004,2007_Ekonda_Khutokogir_Grigoriy_LAv-1-1
1112,TN,3.5539999999999976,2007_Ekonda_Khutokogir_Grigoriy_LAv-1-1
1113,TP,12.925999999999952,2007_Ekonda_Khutokogir_Grigoriy_LAv-1-1
1114,FP,33.270399999999995,2008_Tutonchany_Uvachan_Inna_LAv3-0-13
1115,TN,7.230000000000002,2008_Tutonchany_Uvachan_Inna_LAv3-0-13
1116,TP,19.5,2008_Tutonchany_Uvachan_Inna_LAv3-0-13
1117,FN,0.835999999999995,2007_Chirinda_Eldogir_Valentina_FSk8-1-0
1118,FP,33.13839999999999,2007_Chirinda_Eldogir_Valentina_FSk8-1-0
1119,TN,12.850000000000014,2007_Chirinda_Eldogir_Valentina_FSk8-1-0
1120,TP,13.176000000000002,2007_Chirinda_Eldogir_Valentina_FSk8-1-0
1121,FN,0.6630000000000003,Boots-2-0
1122,FP,17.846,Boots-2-0
1123,TN,4.455000000000002,Boots-2-0
1124,TP,7.051999999999996,Boots-2-0
1125,FN,1.3299999999999912,2010_Bely_Yar_Ivigin_Vladimir_LR1-2-8
1126,FP,24.274999999999984,2010_Bely_Yar_Ivigin_Vladimir_LR1-2-8
1127,TN,24.388000000000005,2010_Bely_Yar_Ivigin_Vladimir_LR1-2-8
1128,TP,8.405000000000026,2010_Bely_Yar_Ivigin_Vladimir_LR1-2-8
1129,FN,12.709999999999997,2008_Tutonchany_Khukochar_Danil_LR_WAV-2-3
1130,FP,12.382000000000005,2008_Tutonchany_Khukochar_Danil_LR_WAV-2-3
1131,TN,25.22800000000001,2008_Tutonchany_Khukochar_Danil_LR_WAV-2-3
1132,TP,5.70999999999999,2008_Tutonchany_Khukochar_Danil_LR_WAV-2-3
1133,FN,1.905999999999981,2007_Ekonda_Khutokogir_Grigoriy_LAv-0-2
1134,FP,39.17440000000002,2007_Ekonda_Khutokogir_Grigoriy_LAv-0-2
1135,TN,3.764000000000019,2007_Ekonda_Khutokogir_Grigoriy_LAv-0-2
1136,TP,15.155999999999981,2007_Ekonda_Khutokogir_Grigoriy_LAv-0-2
1137,FN,4.329999999999998,2008_Kislokan_Udygir_Valentina_LR1_MP4-0-3
1138,FP,21.667999999999985,2008_Kislokan_Udygir_Valentina_LR1_MP4-0-3
1139,TN,19.22800000000001,2008_Kislokan_Udygir_Valentina_LR1_MP4-0-3
1140,TP,11.700000000000014,2008_Kislokan_Udygir_Valentina_LR1_MP4-0-3
1141,FN,0.12799999999998946,2005_Poligus_Khadonchina_LR2-2-0
1142,FP,32.13839999999999,2005_Poligus_Khadonchina_LR2-2-0
1143,TN,13.082000000000011,2005_Poligus_Khadonchina_LR2-2-0
1144,TP,14.652000000000008,2005_Poligus_Khadonchina_LR2-2-0
1145,FN,2.8509999999999422,2007_Mutoray_Yastrikova_FSk2-1-4
1146,FP,15.728000000000018,2007_Mutoray_Yastrikova_FSk2-1-4
1147,TN,10.50600000000003,2007_Mutoray_Yastrikova_FSk2-1-4
1148,TP,13.463999999999988,2007_Mutoray_Yastrikova_FSk2-1-4
1149,FN,6.728000000000006,2011_Hantayskoye_Ozero_Turskaya_Minna_Dmitriyevna_FB2-0-0
1150,FP,11.136400000000007,2011_Hantayskoye_Ozero_Turskaya_Minna_Dmitriyevna_FB2-0-0
1151,TN,19.553999999999984,2011_Hantayskoye_Ozero_Turskaya_Minna_Dmitriyevna_FB2-0-0
1152,TP,22.582000000000004,2011_Hantayskoye_Ozero_Turskaya_Minna_Dmitriyevna_FB2-0-0
1153,FN,0.5820000000000078,2008_Tutonchany_Khukochar_Maksim_LR-2-2
1154,FP,14.320400000000033,2008_Tutonchany_Khukochar_Maksim_LR-2-2
1155,TN,40.69999999999998,2008_Tutonchany_Khukochar_Maksim_LR-2-2
1156,TP,4.397999999999978,2008_Tutonchany_Khukochar_Maksim_LR-2-2
1157,FN,0.17099999999999937,Transhumance-0-0
1158,FP,21.854999999999997,Transhumance-0-0
1159,TN,2.3750000000000036,Transhumance-0-0
1160,TP,5.614999999999999,Transhumance-0-0
1161,FN,8.455000000000005,2007_Chirinda_Khukochar_LRFragm-1-1
1162,FP,5.377299999999999,2007_Chirinda_Khukochar_LRFragm-1-1
1163,TN,22.007000000000005,2007_Chirinda_Khukochar_LRFragm-1-1
1164,TP,7.999999999999993,2007_Chirinda_Khukochar_LRFragm-1-1
1165,FN,3.467000000000006,2008_Tutonchany_Khukochar_Danil_LRFSk_2-2-0
1166,FP,28.515000000000008,2008_Tutonchany_Khukochar_Danil_LRFSk_2-2-0
1167,TN,22.034999999999982,2008_Tutonchany_Khukochar_Danil_LRFSk_2-2-0
1168,TP,5.533000000000001,2008_Tutonchany_Khukochar_Danil_LRFSk_2-2-0
1169,FN,1.9169999999999874,2007_Chirinda_Eldogir_Valentina_FSk7-2-7
1170,FP,35.88370000000002,2007_Chirinda_Eldogir_Valentina_FSk7-2-7
1171,TN,3.861000000000007,2007_Chirinda_Eldogir_Valentina_FSk7-2-7
1172,TP,18.348999999999986,2007_Chirinda_Eldogir_Valentina_FSk7-2-7
1173,FP,12.204999999999975,2008_Tutonchany_Khukochar_Maksim_LR-0-2
1174,TN,39.494,2008_Tutonchany_Khukochar_Maksim_LR-0-2
1175,TP,2.059000000000026,2008_Tutonchany_Khukochar_Maksim_LR-0-2
1176,FN,5.462000000000032,2007_Chirinda_Eldogir_Valentina_FSk7-2-3
1177,FP,26.768700000000003,2007_Chirinda_Eldogir_Valentina_FSk7-2-3
1178,TN,12.843999999999975,2007_Chirinda_Eldogir_Valentina_FSk7-2-3
1179,TP,14.93599999999999,2007_Chirinda_Eldogir_Valentina_FSk7-2-3
1180,FN,7.410000000000011,2008_Tura_Lapuko_LR3-2-2
1181,FP,16.5184,2008_Tura_Lapuko_LR3-2-2
1182,TN,27.567999999999984,2008_Tura_Lapuko_LR3-2-2
1183,TP,8.504000000000005,2008_Tura_Lapuko_LR3-2-2
1184,FN,2.8679999999999914,2009_Sym_Boyarin_Georgiy_LR3-1-0
1185,FP,25.208400000000005,2009_Sym_Boyarin_Georgiy_LR3-1-0
1186,TN,22.881999999999998,2009_Sym_Boyarin_Georgiy_LR3-1-0
1187,TP,9.042000000000005,2009_Sym_Boyarin_Georgiy_LR3-1-0
1188,FN,0.3369999999999713,2007_Strelka_Andreev_LR1-2-5
1189,FP,31.43540000000002,2007_Strelka_Andreev_LR1-2-5
1190,TN,13.873000000000037,2007_Strelka_Andreev_LR1-2-5
1191,TP,14.354999999999972,2007_Strelka_Andreev_LR1-2-5
1192,FN,3.615000000000009,2008_Tura_Lapuko_FB_2-1-2
1193,FP,13.681000000000001,2008_Tura_Lapuko_FB_2-1-2
1194,TN,13.440999999999981,2008_Tura_Lapuko_FB_2-1-2
1195,TP,10.827000000000002,2008_Tura_Lapuko_FB_2-1-2
1196,FN,8.013000000000016,2007_Strelka_Andreev_LR3-1-0
1197,FP,15.622399999999995,2007_Strelka_Andreev_LR3-1-0
1198,TN,23.109,2007_Strelka_Andreev_LR3-1-0
1199,TP,13.25599999999999,2007_Strelka_Andreev_LR3-1-0
1200,FN,1.431000000000017,Kettle-2-5
1201,FP,4.359999999999998,Kettle-2-5
1202,TN,15.07899999999998,Kettle-2-5
1203,TP,7.928000000000003,Kettle-2-5
1204,FN,8.203000000000024,2008_Tura_Lapuko_LR3-0-4
1205,FP,16.383999999999993,2008_Tura_Lapuko_LR3-0-4
1206,TN,26.222999999999978,2008_Tura_Lapuko_LR3-0-4
1207,TP,7.5240000000000045,2008_Tura_Lapuko_LR3-0-4
1208,FN,4.691999999999954,2005_Poligus_Khadonchina_LO-0-3
1209,FP,27.303999999999995,2005_Poligus_Khadonchina_LO-0-3
1210,TN,17.39000000000005,2005_Poligus_Khadonchina_LO-0-3
1211,TP,10.356000000000002,2005_Poligus_Khadonchina_LO-0-3
1212,FN,2.955999999999996,2008_Tutonchany_Khukochar_Maksim_LR-0-3
1213,FP,16.41840000000001,2008_Tutonchany_Khukochar_Maksim_LR-0-3
1214,TN,37.30199999999999,2008_Tutonchany_Khukochar_Maksim_LR-0-3
1215,TP,3.3240000000000016,2008_Tutonchany_Khukochar_Maksim_LR-0-3
1216,FN,7.538000000000036,2010_Bely_Yar_Ivigin_Vladimir_LR2-1-3
1217,FP,15.532000000000014,2010_Bely_Yar_Ivigin_Vladimir_LR2-1-3
1218,TN,23.84399999999995,2010_Bely_Yar_Ivigin_Vladimir_LR2-1-3
1219,TP,11.612000000000002,2010_Bely_Yar_Ivigin_Vladimir_LR2-1-3
1220,FN,4.820999999999966,2006_Ozero_Bolshoe_Sovetskoe_Saygotin_LO2-0-2
1221,FP,15.78640000000002,2006_Ozero_Bolshoe_Sovetskoe_Saygotin_LO2-0-2
1222,TN,28.025000000000013,2006_Ozero_Bolshoe_Sovetskoe_Saygotin_LO2-0-2
1223,TP,11.367999999999999,2006_Ozero_Bolshoe_Sovetskoe_Saygotin_LO2-0-2
1224,FN,2.979999999999997,2008_Tutonchany_Lapushkina_LA2-1-0
1225,FP,9.198400000000001,2008_Tutonchany_Lapushkina_LA2-1-0
1226,TN,36.705999999999996,2008_Tutonchany_Lapushkina_LA2-1-0
1227,TP,11.116000000000003,2008_Tutonchany_Lapushkina_LA2-1-0
1228,FN,1.7610000000000046,Transhumance-2-1
1229,FP,13.645999999999997,Transhumance-2-1
1230,TN,8.120999999999999,Transhumance-2-1
1231,TP,6.487999999999998,Transhumance-2-1
1232,FN,5.030000000000003,Hooligan-0-0
1233,FP,8.505999999999997,Hooligan-0-0
1234,TN,1.7920000000000007,Hooligan-0-0
1235,TP,14.27,Hooligan-0-0
1236,FN,0.061999999999995836,Vacation-0-2
1237,FP,13.609999999999998,Vacation-0-2
1238,TN,6.624000000000002,Vacation-0-2
1239,TP,9.720000000000002,Vacation-0-2
1240,FP,15.452999999999996,2007_Chirinda_Eldogir_Valentina_FSk8-2-10
1241,TN,6.114,2007_Chirinda_Eldogir_Valentina_FSk8-2-10
1242,TP,4.447000000000003,2007_Chirinda_Eldogir_Valentina_FSk8-2-10
1243,FN,3.5339999999999847,2008_Tura_Lapuko_FB_2-2-0
1244,FP,23.713000000000015,2008_Tura_Lapuko_FB_2-2-0
1245,TN,17.224000000000004,2008_Tura_Lapuko_FB_2-2-0
1246,TP,14.918999999999997,2008_Tura_Lapuko_FB_2-2-0
1247,FP,39.95840000000001,2007_Chirinda_Eldogir_Valentina_LR1-1-3
1248,TN,1.8420000000000019,2007_Chirinda_Eldogir_Valentina_LR1-1-3
1249,TP,18.19999999999998,2007_Chirinda_Eldogir_Valentina_LR1-1-3
1250,FN,6.855000000000025,2008_Kislokan_Udygir_Valentina_FM-2-1
1251,FP,19.964000000000002,2008_Kislokan_Udygir_Valentina_FM-2-1
1252,TN,24.79499999999997,2008_Kislokan_Udygir_Valentina_FM-2-1
1253,TP,8.256,2008_Kislokan_Udygir_Valentina_FM-2-1
1254,FN,1.334000000000021,2007_Ekonda_Kombagir_Anton_LAv-2-3
1255,FP,24.282999999999973,2007_Ekonda_Kombagir_Anton_LAv-2-3
1256,TN,26.06399999999998,2007_Ekonda_Kombagir_Anton_LAv-2-3
1257,TP,6.685000000000024,2007_Ekonda_Kombagir_Anton_LAv-2-3
1258,FN,4.0269999999999975,Walk-0-1
1259,FP,5.478,Walk-0-1
1260,TN,4.2310000000000025,Walk-0-1
1261,TP,15.381999999999998,Walk-0-1
1262,FN,0.7830000000000261,2007_Ekonda_Khutokogir_Grigoriy_LAv-1-2
1263,FP,33.32739999999996,2007_Ekonda_Khutokogir_Grigoriy_LAv-1-2
1264,TN,4.558999999999978,2007_Ekonda_Khutokogir_Grigoriy_LAv-1-2
1265,TP,21.331000000000035,2007_Ekonda_Khutokogir_Grigoriy_LAv-1-2
1266,FN,3.985999999999997,2009_Sym_Boyarin_Georgiy_LR3-1-1
1267,FP,26.35800000000001,2009_Sym_Boyarin_Georgiy_LR3-1-1
1268,TN,21.339999999999996,2009_Sym_Boyarin_Georgiy_LR3-1-1
1269,TP,5.753999999999998,2009_Sym_Boyarin_Georgiy_LR3-1-1
1270,FN,0.6860000000000248,Kettle-1-4
1271,FP,11.264000000000001,Kettle-1-4
1272,TN,11.443999999999972,Kettle-1-4
1273,TP,2.748000000000001,Kettle-1-4
1274,FN,1.0709999999999873,2007_Strelka_Andreeva_LR3-0-6
1275,FP,42.48339999999992,2007_Strelka_Andreeva_LR3-0-6
1276,TN,4.099000000000014,2007_Strelka_Andreeva_LR3-0-6
1277,TP,12.34700000000008,2007_Strelka_Andreeva_LR3-0-6
1278,FN,1.2920000000000034,Kettle-1-0
1279,FP,11.899999999999993,Kettle-1-0
1280,TN,10.118000000000004,Kettle-1-0
1281,TP,5.967999999999998,Kettle-1-0
1282,FN,0.10200000000000031,Telyopka-2-2
1283,FP,16.516200000000005,Telyopka-2-2
1284,TN,4.6839999999999975,Telyopka-2-2
1285,TP,8.697999999999999,Telyopka-2-2
